id,firstname,lastname,email,email2,profession
100,Shell,Whittaker,Shell.Whittaker@yopmail.com,Shell.Whittaker@gmail.com,firefighter
101,Julieta,Wu,Julieta.Wu@yopmail.com,Julieta.Wu@gmail.com,worker
102,Philis,Zitvaa,Philis.Zitvaa@yopmail.com,Philis.Zitvaa@gmail.com,developer
103,Ileana,Hachmin,Ileana.Hachmin@yopmail.com,Ileana.Hachmin@gmail.com,doctor
104,Pamella,Remmer,Pamella.Remmer@yopmail.com,Pamella.Remmer@gmail.com,doctor
105,Rori,Concha,Rori.Concha@yopmail.com,Rori.Concha@gmail.com,developer
106,Gaylene,Reneta,Gaylene.Reneta@yopmail.com,Gaylene.Reneta@gmail.com,worker
107,Lorne,Giff,Lorne.Giff@yopmail.com,Lorne.Giff@gmail.com,doctor
108,Kimmy,Ade,Kimmy.Ade@yopmail.com,Kimmy.Ade@gmail.com,doctor
109,Marsiella,Gaal,Marsiella.Gaal@yopmail.com,Marsiella.Gaal@gmail.com,firefighter
110,Isa,Rossner,Isa.Rossner@yopmail.com,Isa.Rossner@gmail.com,developer
111,Rosanne,Niccolo,Rosanne.Niccolo@yopmail.com,Rosanne.Niccolo@gmail.com,worker
112,Deirdre,Nadia,Deirdre.Nadia@yopmail.com,Deirdre.Nadia@gmail.com,firefighter
113,Estell,Serilda,Estell.Serilda@yopmail.com,Estell.Serilda@gmail.com,police officer
114,Correy,Krystle,Correy.Krystle@yopmail.com,Correy.Krystle@gmail.com,worker
115,Kittie,Adamsen,Kittie.Adamsen@yopmail.com,Kittie.Adamsen@gmail.com,developer
116,Melanie,Kristi,Melanie.Kristi@yopmail.com,Melanie.Kristi@gmail.com,worker
117,Aryn,Blake,Aryn.Blake@yopmail.com,Aryn.Blake@gmail.com,worker
118,Bibby,Agle,Bibby.Agle@yopmail.com,Bibby.Agle@gmail.com,firefighter
119,Mureil,Lattie,Mureil.Lattie@yopmail.com,Mureil.Lattie@gmail.com,police officer
120,Tamqrah,Natica,Tamqrah.Natica@yopmail.com,Tamqrah.Natica@gmail.com,developer
121,Louella,Jerold,Louella.Jerold@yopmail.com,Louella.Jerold@gmail.com,police officer
122,Claresta,Thilda,Claresta.Thilda@yopmail.com,Claresta.Thilda@gmail.com,firefighter
123,Keelia,Valerio,Keelia.Valerio@yopmail.com,Keelia.Valerio@gmail.com,firefighter
124,Nelle,Belldas,Nelle.Belldas@yopmail.com,Nelle.Belldas@gmail.com,developer
125,Peri,Robertson,Peri.Robertson@yopmail.com,Peri.Robertson@gmail.com,police officer
126,Marylou,Kronfeld,Marylou.Kronfeld@yopmail.com,Marylou.Kronfeld@gmail.com,doctor
127,Anestassia,Hedve,Anestassia.Hedve@yopmail.com,Anestassia.Hedve@gmail.com,doctor
128,Tiffie,Sundin,Tiffie.Sundin@yopmail.com,Tiffie.Sundin@gmail.com,developer
129,Ardeen,Pyle,Ardeen.Pyle@yopmail.com,Ardeen.Pyle@gmail.com,worker
130,Alyssa,Rustice,Alyssa.Rustice@yopmail.com,Alyssa.Rustice@gmail.com,worker
131,Mireielle,McAdams,Mireielle.McAdams@yopmail.com,Mireielle.McAdams@gmail.com,doctor
132,Tamqrah,Jerald,Tamqrah.Jerald@yopmail.com,Tamqrah.Jerald@gmail.com,worker
133,Harrietta,Darrell,Harrietta.Darrell@yopmail.com,Harrietta.Darrell@gmail.com,police officer
134,Mireielle,Weide,Mireielle.Weide@yopmail.com,Mireielle.Weide@gmail.com,worker
135,Kore,Waite,Kore.Waite@yopmail.com,Kore.Waite@gmail.com,developer
136,Chloris,Moseley,Chloris.Moseley@yopmail.com,Chloris.Moseley@gmail.com,doctor
137,Kenna,Thunell,Kenna.Thunell@yopmail.com,Kenna.Thunell@gmail.com,police officer
138,Elora,Linskey,Elora.Linskey@yopmail.com,Elora.Linskey@gmail.com,firefighter
139,Sherrie,Ovid,Sherrie.Ovid@yopmail.com,Sherrie.Ovid@gmail.com,firefighter
140,Roz,LaRue,Roz.LaRue@yopmail.com,Roz.LaRue@gmail.com,doctor
141,Tina,Lemuela,Tina.Lemuela@yopmail.com,Tina.Lemuela@gmail.com,doctor
142,Clo,Tyson,Clo.Tyson@yopmail.com,Clo.Tyson@gmail.com,police officer
143,Nollie,Stefa,Nollie.Stefa@yopmail.com,Nollie.Stefa@gmail.com,police officer
144,Winifred,Boycey,Winifred.Boycey@yopmail.com,Winifred.Boycey@gmail.com,developer
145,Emma,Gale,Emma.Gale@yopmail.com,Emma.Gale@gmail.com,firefighter
146,Ariela,Yusuk,Ariela.Yusuk@yopmail.com,Ariela.Yusuk@gmail.com,police officer
147,Kellen,Sammons,Kellen.Sammons@yopmail.com,Kellen.Sammons@gmail.com,doctor
148,Suzette,Malanie,Suzette.Malanie@yopmail.com,Suzette.Malanie@gmail.com,firefighter
149,Alexine,Stefa,Alexine.Stefa@yopmail.com,Alexine.Stefa@gmail.com,police officer
150,Emilia,Alarise,Emilia.Alarise@yopmail.com,Emilia.Alarise@gmail.com,firefighter
151,Babita,Kronfeld,Babita.Kronfeld@yopmail.com,Babita.Kronfeld@gmail.com,developer
152,Eadie,Trey,Eadie.Trey@yopmail.com,Eadie.Trey@gmail.com,doctor
153,Vita,Gilbertson,Vita.Gilbertson@yopmail.com,Vita.Gilbertson@gmail.com,developer
154,Grier,Norrie,Grier.Norrie@yopmail.com,Grier.Norrie@gmail.com,police officer
155,Maye,Brady,Maye.Brady@yopmail.com,Maye.Brady@gmail.com,developer
156,Zsa Zsa,Aprile,Zsa Zsa.Aprile@yopmail.com,Zsa Zsa.Aprile@gmail.com,worker
157,Vere,Denis,Vere.Denis@yopmail.com,Vere.Denis@gmail.com,police officer
158,Nanete,Sawtelle,Nanete.Sawtelle@yopmail.com,Nanete.Sawtelle@gmail.com,police officer
159,Ofilia,O'Neill,Ofilia.O'Neill@yopmail.com,Ofilia.O'Neill@gmail.com,worker
160,Nataline,Christine,Nataline.Christine@yopmail.com,Nataline.Christine@gmail.com,doctor
161,Joy,Hanleigh,Joy.Hanleigh@yopmail.com,Joy.Hanleigh@gmail.com,worker
162,Fina,Moina,Fina.Moina@yopmail.com,Fina.Moina@gmail.com,worker
163,Lorne,Odysseus,Lorne.Odysseus@yopmail.com,Lorne.Odysseus@gmail.com,police officer
164,Elsie,Lacombe,Elsie.Lacombe@yopmail.com,Elsie.Lacombe@gmail.com,firefighter
165,Ardys,Kylander,Ardys.Kylander@yopmail.com,Ardys.Kylander@gmail.com,doctor
166,Annecorinne,Vilma,Annecorinne.Vilma@yopmail.com,Annecorinne.Vilma@gmail.com,firefighter
167,Brooks,Loeb,Brooks.Loeb@yopmail.com,Brooks.Loeb@gmail.com,developer
168,Merrie,Clara,Merrie.Clara@yopmail.com,Merrie.Clara@gmail.com,developer
169,Ezmeralda,McNully,Ezmeralda.McNully@yopmail.com,Ezmeralda.McNully@gmail.com,firefighter
170,Penelopa,Bord,Penelopa.Bord@yopmail.com,Penelopa.Bord@gmail.com,doctor
171,Tiffie,Bartlett,Tiffie.Bartlett@yopmail.com,Tiffie.Bartlett@gmail.com,developer
172,Ethel,Rogerio,Ethel.Rogerio@yopmail.com,Ethel.Rogerio@gmail.com,doctor
173,Grier,Keily,Grier.Keily@yopmail.com,Grier.Keily@gmail.com,firefighter
174,Georgetta,Cherianne,Georgetta.Cherianne@yopmail.com,Georgetta.Cherianne@gmail.com,police officer
175,Penelopa,Eldrid,Penelopa.Eldrid@yopmail.com,Penelopa.Eldrid@gmail.com,police officer
176,Hermione,Emanuel,Hermione.Emanuel@yopmail.com,Hermione.Emanuel@gmail.com,worker
177,Alejandra,Bivins,Alejandra.Bivins@yopmail.com,Alejandra.Bivins@gmail.com,doctor
178,Lusa,Publia,Lusa.Publia@yopmail.com,Lusa.Publia@gmail.com,firefighter
179,Winifred,Gregrory,Winifred.Gregrory@yopmail.com,Winifred.Gregrory@gmail.com,developer
180,Stevana,Cressida,Stevana.Cressida@yopmail.com,Stevana.Cressida@gmail.com,police officer
181,Georgetta,Camden,Georgetta.Camden@yopmail.com,Georgetta.Camden@gmail.com,worker
182,Melanie,Ephrem,Melanie.Ephrem@yopmail.com,Melanie.Ephrem@gmail.com,police officer
183,Oralee,Weinreb,Oralee.Weinreb@yopmail.com,Oralee.Weinreb@gmail.com,firefighter
184,Alejandra,Vernier,Alejandra.Vernier@yopmail.com,Alejandra.Vernier@gmail.com,developer
185,Coral,Ulphia,Coral.Ulphia@yopmail.com,Coral.Ulphia@gmail.com,developer
186,Devina,Argus,Devina.Argus@yopmail.com,Devina.Argus@gmail.com,developer
187,Chandra,Izaak,Chandra.Izaak@yopmail.com,Chandra.Izaak@gmail.com,worker
188,Brandise,Socha,Brandise.Socha@yopmail.com,Brandise.Socha@gmail.com,developer
189,Rori,Hull,Rori.Hull@yopmail.com,Rori.Hull@gmail.com,developer
190,Felice,Stilwell,Felice.Stilwell@yopmail.com,Felice.Stilwell@gmail.com,firefighter
191,Dominga,Engdahl,Dominga.Engdahl@yopmail.com,Dominga.Engdahl@gmail.com,firefighter
192,Clarice,Center,Clarice.Center@yopmail.com,Clarice.Center@gmail.com,developer
193,Vonny,Berard,Vonny.Berard@yopmail.com,Vonny.Berard@gmail.com,developer
194,Berta,Bryna,Berta.Bryna@yopmail.com,Berta.Bryna@gmail.com,doctor
195,Willetta,Leffen,Willetta.Leffen@yopmail.com,Willetta.Leffen@gmail.com,firefighter
196,Ann-Marie,Dahlia,Ann-Marie.Dahlia@yopmail.com,Ann-Marie.Dahlia@gmail.com,doctor
197,Carree,Johanna,Carree.Johanna@yopmail.com,Carree.Johanna@gmail.com,police officer
198,Marleah,Sherrie,Marleah.Sherrie@yopmail.com,Marleah.Sherrie@gmail.com,police officer
199,Valera,Anastatius,Valera.Anastatius@yopmail.com,Valera.Anastatius@gmail.com,doctor
200,Feliza,Maroney,Feliza.Maroney@yopmail.com,Feliza.Maroney@gmail.com,police officer
201,Marjie,Brunell,Marjie.Brunell@yopmail.com,Marjie.Brunell@gmail.com,doctor
202,Rosanne,Ralfston,Rosanne.Ralfston@yopmail.com,Rosanne.Ralfston@gmail.com,doctor
203,Christian,Mott,Christian.Mott@yopmail.com,Christian.Mott@gmail.com,doctor
204,Margarette,Tamar,Margarette.Tamar@yopmail.com,Margarette.Tamar@gmail.com,firefighter
205,Ursulina,Zrike,Ursulina.Zrike@yopmail.com,Ursulina.Zrike@gmail.com,worker
206,Mureil,Schenck,Mureil.Schenck@yopmail.com,Mureil.Schenck@gmail.com,firefighter
207,Liana,Schenck,Liana.Schenck@yopmail.com,Liana.Schenck@gmail.com,doctor
208,Nataline,Beniamino,Nataline.Beniamino@yopmail.com,Nataline.Beniamino@gmail.com,worker
209,Minda,McCutcheon,Minda.McCutcheon@yopmail.com,Minda.McCutcheon@gmail.com,police officer
210,Mamie,Stevy,Mamie.Stevy@yopmail.com,Mamie.Stevy@gmail.com,firefighter
211,Audrie,Hewitt,Audrie.Hewitt@yopmail.com,Audrie.Hewitt@gmail.com,doctor
212,Molli,Naashom,Molli.Naashom@yopmail.com,Molli.Naashom@gmail.com,police officer
213,Kamilah,Chobot,Kamilah.Chobot@yopmail.com,Kamilah.Chobot@gmail.com,firefighter
214,Hettie,Nester,Hettie.Nester@yopmail.com,Hettie.Nester@gmail.com,worker
215,Babita,Gilbertson,Babita.Gilbertson@yopmail.com,Babita.Gilbertson@gmail.com,developer
216,Gerianna,Graig,Gerianna.Graig@yopmail.com,Gerianna.Graig@gmail.com,worker
217,Rivalee,Daniele,Rivalee.Daniele@yopmail.com,Rivalee.Daniele@gmail.com,developer
218,Karly,Bashemeth,Karly.Bashemeth@yopmail.com,Karly.Bashemeth@gmail.com,developer
219,Eve,Oriana,Eve.Oriana@yopmail.com,Eve.Oriana@gmail.com,developer
220,Alyda,Raama,Alyda.Raama@yopmail.com,Alyda.Raama@gmail.com,doctor
221,Tracey,Emerson,Tracey.Emerson@yopmail.com,Tracey.Emerson@gmail.com,developer
222,Fawne,Rozanna,Fawne.Rozanna@yopmail.com,Fawne.Rozanna@gmail.com,police officer
223,Maridel,Ingra,Maridel.Ingra@yopmail.com,Maridel.Ingra@gmail.com,doctor
224,Ellette,Firmin,Ellette.Firmin@yopmail.com,Ellette.Firmin@gmail.com,doctor
225,Di,Sibyls,Di.Sibyls@yopmail.com,Di.Sibyls@gmail.com,doctor
226,Aili,Susannah,Aili.Susannah@yopmail.com,Aili.Susannah@gmail.com,police officer
227,Di,Uird,Di.Uird@yopmail.com,Di.Uird@gmail.com,police officer
228,Queenie,Kesley,Queenie.Kesley@yopmail.com,Queenie.Kesley@gmail.com,developer
229,Flo,Nicoline,Flo.Nicoline@yopmail.com,Flo.Nicoline@gmail.com,doctor
230,Ida,Angelis,Ida.Angelis@yopmail.com,Ida.Angelis@gmail.com,developer
231,Pierette,Cath,Pierette.Cath@yopmail.com,Pierette.Cath@gmail.com,developer
232,Lelah,Eno,Lelah.Eno@yopmail.com,Lelah.Eno@gmail.com,developer
233,Edith,Behre,Edith.Behre@yopmail.com,Edith.Behre@gmail.com,developer
234,Lanae,Ogren,Lanae.Ogren@yopmail.com,Lanae.Ogren@gmail.com,firefighter
235,Jaime,Gladstone,Jaime.Gladstone@yopmail.com,Jaime.Gladstone@gmail.com,developer
236,Harmonia,Monk,Harmonia.Monk@yopmail.com,Harmonia.Monk@gmail.com,police officer
237,Jacenta,Ricarda,Jacenta.Ricarda@yopmail.com,Jacenta.Ricarda@gmail.com,doctor
238,Lorie,Aprile,Lorie.Aprile@yopmail.com,Lorie.Aprile@gmail.com,firefighter
239,Robinia,Karna,Robinia.Karna@yopmail.com,Robinia.Karna@gmail.com,police officer
240,Eve,Barney,Eve.Barney@yopmail.com,Eve.Barney@gmail.com,police officer
241,Roberta,Minetta,Roberta.Minetta@yopmail.com,Roberta.Minetta@gmail.com,doctor
242,Regina,Septima,Regina.Septima@yopmail.com,Regina.Septima@gmail.com,police officer
243,Jinny,Kendrick,Jinny.Kendrick@yopmail.com,Jinny.Kendrick@gmail.com,firefighter
244,Valeda,Merell,Valeda.Merell@yopmail.com,Valeda.Merell@gmail.com,firefighter
245,Kirbee,Kress,Kirbee.Kress@yopmail.com,Kirbee.Kress@gmail.com,firefighter
246,Camile,Bryna,Camile.Bryna@yopmail.com,Camile.Bryna@gmail.com,worker
247,Binny,Rustice,Binny.Rustice@yopmail.com,Binny.Rustice@gmail.com,worker
248,Celene,Wildermuth,Celene.Wildermuth@yopmail.com,Celene.Wildermuth@gmail.com,worker
249,Noelle,Ovid,Noelle.Ovid@yopmail.com,Noelle.Ovid@gmail.com,firefighter
250,Jan,Johnsson,Jan.Johnsson@yopmail.com,Jan.Johnsson@gmail.com,firefighter
251,Clo,Clie,Clo.Clie@yopmail.com,Clo.Clie@gmail.com,doctor
252,Caryl,Faro,Caryl.Faro@yopmail.com,Caryl.Faro@gmail.com,police officer
253,Nananne,Mata,Nananne.Mata@yopmail.com,Nananne.Mata@gmail.com,developer
254,Chickie,Haerr,Chickie.Haerr@yopmail.com,Chickie.Haerr@gmail.com,firefighter
255,Albertina,Federica,Albertina.Federica@yopmail.com,Albertina.Federica@gmail.com,doctor
256,Taffy,Center,Taffy.Center@yopmail.com,Taffy.Center@gmail.com,worker
257,Tierney,Amand,Tierney.Amand@yopmail.com,Tierney.Amand@gmail.com,firefighter
258,Fina,Sprage,Fina.Sprage@yopmail.com,Fina.Sprage@gmail.com,police officer
259,Kimmy,Lay,Kimmy.Lay@yopmail.com,Kimmy.Lay@gmail.com,developer
260,Teriann,Chauncey,Teriann.Chauncey@yopmail.com,Teriann.Chauncey@gmail.com,doctor
261,Lucille,Read,Lucille.Read@yopmail.com,Lucille.Read@gmail.com,developer
262,Carolina,Parsaye,Carolina.Parsaye@yopmail.com,Carolina.Parsaye@gmail.com,police officer
263,Joeann,Jorgan,Joeann.Jorgan@yopmail.com,Joeann.Jorgan@gmail.com,worker
264,Diena,Bertold,Diena.Bertold@yopmail.com,Diena.Bertold@gmail.com,police officer
265,Clementine,Tufts,Clementine.Tufts@yopmail.com,Clementine.Tufts@gmail.com,police officer
266,Paola,Clywd,Paola.Clywd@yopmail.com,Paola.Clywd@gmail.com,doctor
267,Lorenza,Wenda,Lorenza.Wenda@yopmail.com,Lorenza.Wenda@gmail.com,developer
268,Kimmy,Helve,Kimmy.Helve@yopmail.com,Kimmy.Helve@gmail.com,doctor
269,Kalina,Buckler,Kalina.Buckler@yopmail.com,Kalina.Buckler@gmail.com,police officer
270,Minne,Vernier,Minne.Vernier@yopmail.com,Minne.Vernier@gmail.com,doctor
271,Judy,Brittani,Judy.Brittani@yopmail.com,Judy.Brittani@gmail.com,police officer
272,Janeczka,Mozelle,Janeczka.Mozelle@yopmail.com,Janeczka.Mozelle@gmail.com,doctor
273,Dania,Cressida,Dania.Cressida@yopmail.com,Dania.Cressida@gmail.com,worker
274,Emylee,Lissi,Emylee.Lissi@yopmail.com,Emylee.Lissi@gmail.com,firefighter
275,Rosaline,Middleton,Rosaline.Middleton@yopmail.com,Rosaline.Middleton@gmail.com,developer
276,Abbie,Bivins,Abbie.Bivins@yopmail.com,Abbie.Bivins@gmail.com,worker
277,Corly,Berriman,Corly.Berriman@yopmail.com,Corly.Berriman@gmail.com,worker
278,Jemie,Quinn,Jemie.Quinn@yopmail.com,Jemie.Quinn@gmail.com,police officer
279,Sashenka,Macey,Sashenka.Macey@yopmail.com,Sashenka.Macey@gmail.com,worker
280,Christian,Demitria,Christian.Demitria@yopmail.com,Christian.Demitria@gmail.com,doctor
281,Etta,Bluh,Etta.Bluh@yopmail.com,Etta.Bluh@gmail.com,worker
282,Binny,Roarke,Binny.Roarke@yopmail.com,Binny.Roarke@gmail.com,police officer
283,Dotty,Sperling,Dotty.Sperling@yopmail.com,Dotty.Sperling@gmail.com,worker
284,Michaelina,Martsen,Michaelina.Martsen@yopmail.com,Michaelina.Martsen@gmail.com,doctor
285,Esmeralda,Tillford,Esmeralda.Tillford@yopmail.com,Esmeralda.Tillford@gmail.com,worker
286,Evita,Jess,Evita.Jess@yopmail.com,Evita.Jess@gmail.com,worker
287,Ottilie,Chick,Ottilie.Chick@yopmail.com,Ottilie.Chick@gmail.com,worker
288,Bernie,Hoban,Bernie.Hoban@yopmail.com,Bernie.Hoban@gmail.com,firefighter
289,Mady,Faria,Mady.Faria@yopmail.com,Mady.Faria@gmail.com,doctor
290,Lynde,Fax,Lynde.Fax@yopmail.com,Lynde.Fax@gmail.com,firefighter
291,Ilse,Ackerley,Ilse.Ackerley@yopmail.com,Ilse.Ackerley@gmail.com,developer
292,Ebonee,Abram,Ebonee.Abram@yopmail.com,Ebonee.Abram@gmail.com,firefighter
293,Peri,Wallis,Peri.Wallis@yopmail.com,Peri.Wallis@gmail.com,developer
294,Amii,Bahr,Amii.Bahr@yopmail.com,Amii.Bahr@gmail.com,worker
295,Magdalena,Carbo,Magdalena.Carbo@yopmail.com,Magdalena.Carbo@gmail.com,worker
296,Leia,Roumell,Leia.Roumell@yopmail.com,Leia.Roumell@gmail.com,police officer
297,Sheelagh,Smitt,Sheelagh.Smitt@yopmail.com,Sheelagh.Smitt@gmail.com,worker
298,Adriana,Tufts,Adriana.Tufts@yopmail.com,Adriana.Tufts@gmail.com,police officer
299,Brena,Kermit,Brena.Kermit@yopmail.com,Brena.Kermit@gmail.com,developer
300,Hollie,Orelee,Hollie.Orelee@yopmail.com,Hollie.Orelee@gmail.com,worker
301,Almeta,Callista,Almeta.Callista@yopmail.com,Almeta.Callista@gmail.com,firefighter
302,Phylis,Astra,Phylis.Astra@yopmail.com,Phylis.Astra@gmail.com,police officer
303,Vanessa,Daegal,Vanessa.Daegal@yopmail.com,Vanessa.Daegal@gmail.com,worker
304,Anallese,Swanhildas,Anallese.Swanhildas@yopmail.com,Anallese.Swanhildas@gmail.com,worker
305,Kara-Lynn,Sharl,Kara-Lynn.Sharl@yopmail.com,Kara-Lynn.Sharl@gmail.com,worker
306,Marti,Sherfield,Marti.Sherfield@yopmail.com,Marti.Sherfield@gmail.com,developer
307,Dorice,Hertzfeld,Dorice.Hertzfeld@yopmail.com,Dorice.Hertzfeld@gmail.com,developer
308,Latisha,Zrike,Latisha.Zrike@yopmail.com,Latisha.Zrike@gmail.com,police officer
309,Melanie,Old,Melanie.Old@yopmail.com,Melanie.Old@gmail.com,doctor
310,Tomasina,Taam,Tomasina.Taam@yopmail.com,Tomasina.Taam@gmail.com,firefighter
311,Helena,Tiffa,Helena.Tiffa@yopmail.com,Helena.Tiffa@gmail.com,developer
312,Stacey,Iphlgenia,Stacey.Iphlgenia@yopmail.com,Stacey.Iphlgenia@gmail.com,worker
313,Esmeralda,Taima,Esmeralda.Taima@yopmail.com,Esmeralda.Taima@gmail.com,doctor
314,Oona,Carey,Oona.Carey@yopmail.com,Oona.Carey@gmail.com,firefighter
315,Ulrike,Karna,Ulrike.Karna@yopmail.com,Ulrike.Karna@gmail.com,firefighter
316,Corina,Ackerley,Corina.Ackerley@yopmail.com,Corina.Ackerley@gmail.com,developer
317,Agnese,Brandice,Agnese.Brandice@yopmail.com,Agnese.Brandice@gmail.com,firefighter
318,Tracey,Belanger,Tracey.Belanger@yopmail.com,Tracey.Belanger@gmail.com,developer
319,Carol-Jean,Tjon,Carol-Jean.Tjon@yopmail.com,Carol-Jean.Tjon@gmail.com,firefighter
320,Gwenneth,Mehalek,Gwenneth.Mehalek@yopmail.com,Gwenneth.Mehalek@gmail.com,firefighter
321,Halette,Astra,Halette.Astra@yopmail.com,Halette.Astra@gmail.com,doctor
322,Ida,Garrison,Ida.Garrison@yopmail.com,Ida.Garrison@gmail.com,doctor
323,Andree,Burkle,Andree.Burkle@yopmail.com,Andree.Burkle@gmail.com,worker
324,Rhea,Hebner,Rhea.Hebner@yopmail.com,Rhea.Hebner@gmail.com,doctor
325,Anthia,Yate,Anthia.Yate@yopmail.com,Anthia.Yate@gmail.com,police officer
326,Celene,Garek,Celene.Garek@yopmail.com,Celene.Garek@gmail.com,worker
327,Gratia,Gaal,Gratia.Gaal@yopmail.com,Gratia.Gaal@gmail.com,police officer
328,Gale,Chesna,Gale.Chesna@yopmail.com,Gale.Chesna@gmail.com,worker
329,Hollie,Pearse,Hollie.Pearse@yopmail.com,Hollie.Pearse@gmail.com,developer
330,Siana,Amasa,Siana.Amasa@yopmail.com,Siana.Amasa@gmail.com,doctor
331,Karlee,Roscoe,Karlee.Roscoe@yopmail.com,Karlee.Roscoe@gmail.com,police officer
332,Layla,Saint,Layla.Saint@yopmail.com,Layla.Saint@gmail.com,worker
333,Justinn,Wildermuth,Justinn.Wildermuth@yopmail.com,Justinn.Wildermuth@gmail.com,doctor
334,Belinda,Gabrielli,Belinda.Gabrielli@yopmail.com,Belinda.Gabrielli@gmail.com,doctor
335,Carolina,Bach,Carolina.Bach@yopmail.com,Carolina.Bach@gmail.com,police officer
336,Kore,Killigrew,Kore.Killigrew@yopmail.com,Kore.Killigrew@gmail.com,firefighter
337,Roseline,Jerald,Roseline.Jerald@yopmail.com,Roseline.Jerald@gmail.com,police officer
338,Olivette,Dash,Olivette.Dash@yopmail.com,Olivette.Dash@gmail.com,developer
339,Tiffie,Clywd,Tiffie.Clywd@yopmail.com,Tiffie.Clywd@gmail.com,developer
340,Dacia,Thilda,Dacia.Thilda@yopmail.com,Dacia.Thilda@gmail.com,doctor
341,Corly,Vary,Corly.Vary@yopmail.com,Corly.Vary@gmail.com,doctor
342,Lizzie,Darrell,Lizzie.Darrell@yopmail.com,Lizzie.Darrell@gmail.com,police officer
343,Alyda,Berl,Alyda.Berl@yopmail.com,Alyda.Berl@gmail.com,police officer
344,Anica,Dom,Anica.Dom@yopmail.com,Anica.Dom@gmail.com,worker
345,Cecile,Ethban,Cecile.Ethban@yopmail.com,Cecile.Ethban@gmail.com,developer
346,Lanna,Kellby,Lanna.Kellby@yopmail.com,Lanna.Kellby@gmail.com,worker
347,Farrah,Paine,Farrah.Paine@yopmail.com,Farrah.Paine@gmail.com,police officer
348,Ernesta,Othilia,Ernesta.Othilia@yopmail.com,Ernesta.Othilia@gmail.com,worker
349,Bertine,Gemini,Bertine.Gemini@yopmail.com,Bertine.Gemini@gmail.com,worker
350,Neila,Georas,Neila.Georas@yopmail.com,Neila.Georas@gmail.com,firefighter
351,Kathy,Isacco,Kathy.Isacco@yopmail.com,Kathy.Isacco@gmail.com,firefighter
352,Alejandra,Jary,Alejandra.Jary@yopmail.com,Alejandra.Jary@gmail.com,worker
353,Britte,Gahl,Britte.Gahl@yopmail.com,Britte.Gahl@gmail.com,worker
354,Myrtice,Ehrman,Myrtice.Ehrman@yopmail.com,Myrtice.Ehrman@gmail.com,firefighter
355,Monika,Tarrant,Monika.Tarrant@yopmail.com,Monika.Tarrant@gmail.com,police officer
356,Doralynne,Tiffa,Doralynne.Tiffa@yopmail.com,Doralynne.Tiffa@gmail.com,firefighter
357,Tami,Schwejda,Tami.Schwejda@yopmail.com,Tami.Schwejda@gmail.com,firefighter
358,Minda,Brotherson,Minda.Brotherson@yopmail.com,Minda.Brotherson@gmail.com,police officer
359,Dede,Anselmi,Dede.Anselmi@yopmail.com,Dede.Anselmi@gmail.com,doctor
360,Odessa,Gert,Odessa.Gert@yopmail.com,Odessa.Gert@gmail.com,worker
361,Jacquetta,Margret,Jacquetta.Margret@yopmail.com,Jacquetta.Margret@gmail.com,worker
362,Chastity,Rona,Chastity.Rona@yopmail.com,Chastity.Rona@gmail.com,developer
363,Philis,Taam,Philis.Taam@yopmail.com,Philis.Taam@gmail.com,worker
364,Lory,Zamora,Lory.Zamora@yopmail.com,Lory.Zamora@gmail.com,doctor
365,Shell,Hebner,Shell.Hebner@yopmail.com,Shell.Hebner@gmail.com,developer
366,Ashlee,Kress,Ashlee.Kress@yopmail.com,Ashlee.Kress@gmail.com,firefighter
367,Shandie,Kaete,Shandie.Kaete@yopmail.com,Shandie.Kaete@gmail.com,doctor
368,Caressa,Tyson,Caressa.Tyson@yopmail.com,Caressa.Tyson@gmail.com,doctor
369,Antonietta,Emanuel,Antonietta.Emanuel@yopmail.com,Antonietta.Emanuel@gmail.com,developer
370,Zaria,Magnolia,Zaria.Magnolia@yopmail.com,Zaria.Magnolia@gmail.com,doctor
371,Anica,Rillings,Anica.Rillings@yopmail.com,Anica.Rillings@gmail.com,worker
372,Odessa,Kimmie,Odessa.Kimmie@yopmail.com,Odessa.Kimmie@gmail.com,worker
373,Ronna,Philipp,Ronna.Philipp@yopmail.com,Ronna.Philipp@gmail.com,worker
374,Teriann,Paton,Teriann.Paton@yopmail.com,Teriann.Paton@gmail.com,worker
375,Letizia,Aloise,Letizia.Aloise@yopmail.com,Letizia.Aloise@gmail.com,worker
376,Jenilee,Narton,Jenilee.Narton@yopmail.com,Jenilee.Narton@gmail.com,doctor
377,Kimmy,Valerio,Kimmy.Valerio@yopmail.com,Kimmy.Valerio@gmail.com,developer
378,Marnia,Cottle,Marnia.Cottle@yopmail.com,Marnia.Cottle@gmail.com,police officer
379,Madalyn,Norrie,Madalyn.Norrie@yopmail.com,Madalyn.Norrie@gmail.com,doctor
380,Kelly,Alcott,Kelly.Alcott@yopmail.com,Kelly.Alcott@gmail.com,doctor
381,Isa,Naashom,Isa.Naashom@yopmail.com,Isa.Naashom@gmail.com,worker
382,Chandra,Christine,Chandra.Christine@yopmail.com,Chandra.Christine@gmail.com,worker
383,Janeczka,Valerio,Janeczka.Valerio@yopmail.com,Janeczka.Valerio@gmail.com,developer
384,Gretal,Rubie,Gretal.Rubie@yopmail.com,Gretal.Rubie@gmail.com,police officer
385,Felice,Gavrila,Felice.Gavrila@yopmail.com,Felice.Gavrila@gmail.com,developer
386,Dede,Kevon,Dede.Kevon@yopmail.com,Dede.Kevon@gmail.com,doctor
387,Jacquetta,Si,Jacquetta.Si@yopmail.com,Jacquetta.Si@gmail.com,developer
388,Josephine,Zina,Josephine.Zina@yopmail.com,Josephine.Zina@gmail.com,firefighter
389,Clementine,Joeann,Clementine.Joeann@yopmail.com,Clementine.Joeann@gmail.com,worker
390,Dawn,Winnick,Dawn.Winnick@yopmail.com,Dawn.Winnick@gmail.com,developer
391,Ginnie,Kirbee,Ginnie.Kirbee@yopmail.com,Ginnie.Kirbee@gmail.com,police officer
392,Tomasina,Hutchison,Tomasina.Hutchison@yopmail.com,Tomasina.Hutchison@gmail.com,doctor
393,Lesly,Jacinda,Lesly.Jacinda@yopmail.com,Lesly.Jacinda@gmail.com,worker
394,Keelia,Natalia,Keelia.Natalia@yopmail.com,Keelia.Natalia@gmail.com,doctor
395,Dominga,O'Rourke,Dominga.O'Rourke@yopmail.com,Dominga.O'Rourke@gmail.com,police officer
396,Zsa Zsa,Loleta,Zsa Zsa.Loleta@yopmail.com,Zsa Zsa.Loleta@gmail.com,worker
397,Marcy,Howlyn,Marcy.Howlyn@yopmail.com,Marcy.Howlyn@gmail.com,developer
398,Shaylyn,Geffner,Shaylyn.Geffner@yopmail.com,Shaylyn.Geffner@gmail.com,doctor
399,Marti,Solitta,Marti.Solitta@yopmail.com,Marti.Solitta@gmail.com,firefighter
400,Michaelina,Drisko,Michaelina.Drisko@yopmail.com,Michaelina.Drisko@gmail.com,worker
401,Janis,Euridice,Janis.Euridice@yopmail.com,Janis.Euridice@gmail.com,worker
402,Claresta,Mott,Claresta.Mott@yopmail.com,Claresta.Mott@gmail.com,worker
403,Bernie,Llovera,Bernie.Llovera@yopmail.com,Bernie.Llovera@gmail.com,doctor
404,Wanda,Georas,Wanda.Georas@yopmail.com,Wanda.Georas@gmail.com,firefighter
405,Eolanda,Philipp,Eolanda.Philipp@yopmail.com,Eolanda.Philipp@gmail.com,firefighter
406,Aurelie,Chrystel,Aurelie.Chrystel@yopmail.com,Aurelie.Chrystel@gmail.com,developer
407,Frieda,Ventre,Frieda.Ventre@yopmail.com,Frieda.Ventre@gmail.com,developer
408,Addia,Sacken,Addia.Sacken@yopmail.com,Addia.Sacken@gmail.com,doctor
409,Konstance,Kylander,Konstance.Kylander@yopmail.com,Konstance.Kylander@gmail.com,worker
410,Dari,Remmer,Dari.Remmer@yopmail.com,Dari.Remmer@gmail.com,police officer
411,Kimberley,Gabrielli,Kimberley.Gabrielli@yopmail.com,Kimberley.Gabrielli@gmail.com,worker
412,Shannah,Yoko,Shannah.Yoko@yopmail.com,Shannah.Yoko@gmail.com,doctor
413,Mallory,Radu,Mallory.Radu@yopmail.com,Mallory.Radu@gmail.com,police officer
414,Willetta,Ophelia,Willetta.Ophelia@yopmail.com,Willetta.Ophelia@gmail.com,developer
415,Xylina,Bonucci,Xylina.Bonucci@yopmail.com,Xylina.Bonucci@gmail.com,developer
416,Harrietta,Matthew,Harrietta.Matthew@yopmail.com,Harrietta.Matthew@gmail.com,police officer
417,Corry,Charmine,Corry.Charmine@yopmail.com,Corry.Charmine@gmail.com,police officer
418,Lita,Matthew,Lita.Matthew@yopmail.com,Lita.Matthew@gmail.com,police officer
419,Mahalia,Brandice,Mahalia.Brandice@yopmail.com,Mahalia.Brandice@gmail.com,doctor
420,Chere,Wattenberg,Chere.Wattenberg@yopmail.com,Chere.Wattenberg@gmail.com,firefighter
421,Iseabal,Kiyoshi,Iseabal.Kiyoshi@yopmail.com,Iseabal.Kiyoshi@gmail.com,firefighter
422,Trixi,Beniamino,Trixi.Beniamino@yopmail.com,Trixi.Beniamino@gmail.com,doctor
423,Lucy,Sheedy,Lucy.Sheedy@yopmail.com,Lucy.Sheedy@gmail.com,firefighter
424,Monika,Haerr,Monika.Haerr@yopmail.com,Monika.Haerr@gmail.com,doctor
425,Briney,Sholley,Briney.Sholley@yopmail.com,Briney.Sholley@gmail.com,doctor
426,Bee,Sadowski,Bee.Sadowski@yopmail.com,Bee.Sadowski@gmail.com,worker
427,Trudie,Faro,Trudie.Faro@yopmail.com,Trudie.Faro@gmail.com,developer
428,Joy,Berl,Joy.Berl@yopmail.com,Joy.Berl@gmail.com,doctor
429,Lanae,Darbie,Lanae.Darbie@yopmail.com,Lanae.Darbie@gmail.com,firefighter
430,Edith,Gahl,Edith.Gahl@yopmail.com,Edith.Gahl@gmail.com,firefighter
431,Steffane,Goldina,Steffane.Goldina@yopmail.com,Steffane.Goldina@gmail.com,police officer
432,Jemie,Jena,Jemie.Jena@yopmail.com,Jemie.Jena@gmail.com,police officer
433,Carree,Alejoa,Carree.Alejoa@yopmail.com,Carree.Alejoa@gmail.com,developer
434,Fanny,Shanley,Fanny.Shanley@yopmail.com,Fanny.Shanley@gmail.com,police officer
435,Aili,Maiah,Aili.Maiah@yopmail.com,Aili.Maiah@gmail.com,firefighter
436,Karena,Norrie,Karena.Norrie@yopmail.com,Karena.Norrie@gmail.com,doctor
437,Estell,Dannye,Estell.Dannye@yopmail.com,Estell.Dannye@gmail.com,doctor
438,Berta,Geffner,Berta.Geffner@yopmail.com,Berta.Geffner@gmail.com,firefighter
439,Lynde,Latini,Lynde.Latini@yopmail.com,Lynde.Latini@gmail.com,doctor
440,Vevay,Fosque,Vevay.Fosque@yopmail.com,Vevay.Fosque@gmail.com,firefighter
441,Bobinette,Fontana,Bobinette.Fontana@yopmail.com,Bobinette.Fontana@gmail.com,firefighter
442,Dagmar,Argus,Dagmar.Argus@yopmail.com,Dagmar.Argus@gmail.com,developer
443,Merrie,Merell,Merrie.Merell@yopmail.com,Merrie.Merell@gmail.com,developer
444,Harrietta,Oscar,Harrietta.Oscar@yopmail.com,Harrietta.Oscar@gmail.com,doctor
445,Marjie,Lareena,Marjie.Lareena@yopmail.com,Marjie.Lareena@gmail.com,police officer
446,Donnie,Edvard,Donnie.Edvard@yopmail.com,Donnie.Edvard@gmail.com,doctor
447,Noelle,Uird,Noelle.Uird@yopmail.com,Noelle.Uird@gmail.com,firefighter
448,Chastity,Daniele,Chastity.Daniele@yopmail.com,Chastity.Daniele@gmail.com,doctor
449,Cristine,Neva,Cristine.Neva@yopmail.com,Cristine.Neva@gmail.com,doctor
450,Orsola,Bultman,Orsola.Bultman@yopmail.com,Orsola.Bultman@gmail.com,doctor
451,Deane,Dawkins,Deane.Dawkins@yopmail.com,Deane.Dawkins@gmail.com,police officer
452,Sabina,Alisia,Sabina.Alisia@yopmail.com,Sabina.Alisia@gmail.com,doctor
453,Ernesta,Dichy,Ernesta.Dichy@yopmail.com,Ernesta.Dichy@gmail.com,developer
454,Olivette,Jary,Olivette.Jary@yopmail.com,Olivette.Jary@gmail.com,firefighter
455,Mildrid,Rudolph,Mildrid.Rudolph@yopmail.com,Mildrid.Rudolph@gmail.com,doctor
456,Aimil,Tatianas,Aimil.Tatianas@yopmail.com,Aimil.Tatianas@gmail.com,police officer
457,Cissiee,Halsey,Cissiee.Halsey@yopmail.com,Cissiee.Halsey@gmail.com,police officer
458,Lorie,Pernick,Lorie.Pernick@yopmail.com,Lorie.Pernick@gmail.com,doctor
459,Lily,Lail,Lily.Lail@yopmail.com,Lily.Lail@gmail.com,worker
460,Ursulina,Lowry,Ursulina.Lowry@yopmail.com,Ursulina.Lowry@gmail.com,worker
461,Hope,Malanie,Hope.Malanie@yopmail.com,Hope.Malanie@gmail.com,worker
462,Sheree,Grosz,Sheree.Grosz@yopmail.com,Sheree.Grosz@gmail.com,developer
463,Lusa,Wenoa,Lusa.Wenoa@yopmail.com,Lusa.Wenoa@gmail.com,firefighter
464,Wynne,Therine,Wynne.Therine@yopmail.com,Wynne.Therine@gmail.com,worker
465,Sheree,Atcliffe,Sheree.Atcliffe@yopmail.com,Sheree.Atcliffe@gmail.com,worker
466,Sara-Ann,Ethban,Sara-Ann.Ethban@yopmail.com,Sara-Ann.Ethban@gmail.com,worker
467,Brietta,Sacken,Brietta.Sacken@yopmail.com,Brietta.Sacken@gmail.com,worker
468,Meriel,Allina,Meriel.Allina@yopmail.com,Meriel.Allina@gmail.com,developer
469,Alia,Nicoline,Alia.Nicoline@yopmail.com,Alia.Nicoline@gmail.com,firefighter
470,Coral,Muriel,Coral.Muriel@yopmail.com,Coral.Muriel@gmail.com,doctor
471,Briney,Chesna,Briney.Chesna@yopmail.com,Briney.Chesna@gmail.com,developer
472,Myriam,Joseph,Myriam.Joseph@yopmail.com,Myriam.Joseph@gmail.com,developer
473,Oona,Seagraves,Oona.Seagraves@yopmail.com,Oona.Seagraves@gmail.com,developer
474,Catrina,Bury,Catrina.Bury@yopmail.com,Catrina.Bury@gmail.com,police officer
475,Daryl,Holbrook,Daryl.Holbrook@yopmail.com,Daryl.Holbrook@gmail.com,firefighter
476,Magdalena,Skell,Magdalena.Skell@yopmail.com,Magdalena.Skell@gmail.com,police officer
477,Max,Thad,Max.Thad@yopmail.com,Max.Thad@gmail.com,firefighter
478,Vonny,Schalles,Vonny.Schalles@yopmail.com,Vonny.Schalles@gmail.com,doctor
479,Esmeralda,Marisa,Esmeralda.Marisa@yopmail.com,Esmeralda.Marisa@gmail.com,police officer
480,Yolane,Allare,Yolane.Allare@yopmail.com,Yolane.Allare@gmail.com,worker
481,Fredericka,Dulciana,Fredericka.Dulciana@yopmail.com,Fredericka.Dulciana@gmail.com,doctor
482,Ernesta,Christal,Ernesta.Christal@yopmail.com,Ernesta.Christal@gmail.com,doctor
483,Harrietta,Muriel,Harrietta.Muriel@yopmail.com,Harrietta.Muriel@gmail.com,worker
484,Tomasina,Huggins,Tomasina.Huggins@yopmail.com,Tomasina.Huggins@gmail.com,police officer
485,June,Nester,June.Nester@yopmail.com,June.Nester@gmail.com,worker
486,Georgetta,Jacobah,Georgetta.Jacobah@yopmail.com,Georgetta.Jacobah@gmail.com,developer
487,Valeda,Chaing,Valeda.Chaing@yopmail.com,Valeda.Chaing@gmail.com,police officer
488,Ernesta,Bibi,Ernesta.Bibi@yopmail.com,Ernesta.Bibi@gmail.com,police officer
489,Debee,Dorcy,Debee.Dorcy@yopmail.com,Debee.Dorcy@gmail.com,developer
490,Felice,Cloris,Felice.Cloris@yopmail.com,Felice.Cloris@gmail.com,developer
491,Mallory,Hylan,Mallory.Hylan@yopmail.com,Mallory.Hylan@gmail.com,developer
492,Emylee,Bury,Emylee.Bury@yopmail.com,Emylee.Bury@gmail.com,doctor
493,Verla,Arathorn,Verla.Arathorn@yopmail.com,Verla.Arathorn@gmail.com,worker
494,Sandie,Parsaye,Sandie.Parsaye@yopmail.com,Sandie.Parsaye@gmail.com,police officer
495,Gilda,Vanni,Gilda.Vanni@yopmail.com,Gilda.Vanni@gmail.com,worker
496,Vita,Taam,Vita.Taam@yopmail.com,Vita.Taam@gmail.com,police officer
497,Hayley,Ricarda,Hayley.Ricarda@yopmail.com,Hayley.Ricarda@gmail.com,police officer
498,Joane,Ulphia,Joane.Ulphia@yopmail.com,Joane.Ulphia@gmail.com,doctor
499,Evita,Juan,Evita.Juan@yopmail.com,Evita.Juan@gmail.com,firefighter
500,Vevay,Madelene,Vevay.Madelene@yopmail.com,Vevay.Madelene@gmail.com,police officer
501,Berget,Chobot,Berget.Chobot@yopmail.com,Berget.Chobot@gmail.com,developer
502,Molli,Cavan,Molli.Cavan@yopmail.com,Molli.Cavan@gmail.com,worker
503,Ida,Callista,Ida.Callista@yopmail.com,Ida.Callista@gmail.com,police officer
504,Jasmina,Constancy,Jasmina.Constancy@yopmail.com,Jasmina.Constancy@gmail.com,worker
505,Sarette,Cristi,Sarette.Cristi@yopmail.com,Sarette.Cristi@gmail.com,police officer
506,Korrie,Posner,Korrie.Posner@yopmail.com,Korrie.Posner@gmail.com,developer
507,Henriette,Kronfeld,Henriette.Kronfeld@yopmail.com,Henriette.Kronfeld@gmail.com,doctor
508,Lusa,Raffo,Lusa.Raffo@yopmail.com,Lusa.Raffo@gmail.com,worker
509,Ericka,Ludewig,Ericka.Ludewig@yopmail.com,Ericka.Ludewig@gmail.com,doctor
510,Deirdre,Lay,Deirdre.Lay@yopmail.com,Deirdre.Lay@gmail.com,worker
511,Janey,Joeann,Janey.Joeann@yopmail.com,Janey.Joeann@gmail.com,doctor
512,Vere,Byrne,Vere.Byrne@yopmail.com,Vere.Byrne@gmail.com,firefighter
513,Danny,Izaak,Danny.Izaak@yopmail.com,Danny.Izaak@gmail.com,firefighter
514,Linet,Lytton,Linet.Lytton@yopmail.com,Linet.Lytton@gmail.com,developer
515,Jillayne,Albertine,Jillayne.Albertine@yopmail.com,Jillayne.Albertine@gmail.com,developer
516,Dyann,Hortensia,Dyann.Hortensia@yopmail.com,Dyann.Hortensia@gmail.com,worker
517,Philis,Papageno,Philis.Papageno@yopmail.com,Philis.Papageno@gmail.com,police officer
518,Dari,Bobbee,Dari.Bobbee@yopmail.com,Dari.Bobbee@gmail.com,police officer
519,Queenie,Evvie,Queenie.Evvie@yopmail.com,Queenie.Evvie@gmail.com,developer
520,Julieta,Belanger,Julieta.Belanger@yopmail.com,Julieta.Belanger@gmail.com,worker
521,Nannie,Delacourt,Nannie.Delacourt@yopmail.com,Nannie.Delacourt@gmail.com,firefighter
522,Gisela,Reinke,Gisela.Reinke@yopmail.com,Gisela.Reinke@gmail.com,doctor
523,Brynna,Carri,Brynna.Carri@yopmail.com,Brynna.Carri@gmail.com,developer
524,Katleen,Phi,Katleen.Phi@yopmail.com,Katleen.Phi@gmail.com,police officer
525,Jemie,Ioab,Jemie.Ioab@yopmail.com,Jemie.Ioab@gmail.com,police officer
526,Judy,Gilmour,Judy.Gilmour@yopmail.com,Judy.Gilmour@gmail.com,firefighter
527,Ottilie,Jess,Ottilie.Jess@yopmail.com,Ottilie.Jess@gmail.com,doctor
528,Maud,Edvard,Maud.Edvard@yopmail.com,Maud.Edvard@gmail.com,police officer
529,Shannah,Roarke,Shannah.Roarke@yopmail.com,Shannah.Roarke@gmail.com,worker
530,Jaclyn,Kolnick,Jaclyn.Kolnick@yopmail.com,Jaclyn.Kolnick@gmail.com,worker
531,Rivalee,Ruvolo,Rivalee.Ruvolo@yopmail.com,Rivalee.Ruvolo@gmail.com,worker
532,Moyna,Fillbert,Moyna.Fillbert@yopmail.com,Moyna.Fillbert@gmail.com,firefighter
533,Raquela,Firmin,Raquela.Firmin@yopmail.com,Raquela.Firmin@gmail.com,worker
534,Gretal,Cookie,Gretal.Cookie@yopmail.com,Gretal.Cookie@gmail.com,developer
535,Tori,Kiersten,Tori.Kiersten@yopmail.com,Tori.Kiersten@gmail.com,firefighter
536,Elbertina,Jarib,Elbertina.Jarib@yopmail.com,Elbertina.Jarib@gmail.com,doctor
537,Lanae,Kirstin,Lanae.Kirstin@yopmail.com,Lanae.Kirstin@gmail.com,developer
538,Christian,Delila,Christian.Delila@yopmail.com,Christian.Delila@gmail.com,firefighter
539,Caritta,Breed,Caritta.Breed@yopmail.com,Caritta.Breed@gmail.com,developer
540,Camile,Peonir,Camile.Peonir@yopmail.com,Camile.Peonir@gmail.com,police officer
541,Ekaterina,McAdams,Ekaterina.McAdams@yopmail.com,Ekaterina.McAdams@gmail.com,firefighter
542,Charissa,Jacqui,Charissa.Jacqui@yopmail.com,Charissa.Jacqui@gmail.com,police officer
543,Anestassia,Nicoline,Anestassia.Nicoline@yopmail.com,Anestassia.Nicoline@gmail.com,police officer
544,Vanessa,Ventre,Vanessa.Ventre@yopmail.com,Vanessa.Ventre@gmail.com,worker
545,Minne,Waldron,Minne.Waldron@yopmail.com,Minne.Waldron@gmail.com,firefighter
546,Josephine,Hoban,Josephine.Hoban@yopmail.com,Josephine.Hoban@gmail.com,doctor
547,Renae,Wooster,Renae.Wooster@yopmail.com,Renae.Wooster@gmail.com,police officer
548,Meg,Fry,Meg.Fry@yopmail.com,Meg.Fry@gmail.com,firefighter
549,Harrietta,Florina,Harrietta.Florina@yopmail.com,Harrietta.Florina@gmail.com,doctor
550,Grier,Joseph,Grier.Joseph@yopmail.com,Grier.Joseph@gmail.com,firefighter
551,Andeee,Stuart,Andeee.Stuart@yopmail.com,Andeee.Stuart@gmail.com,worker
552,Karly,Mathilde,Karly.Mathilde@yopmail.com,Karly.Mathilde@gmail.com,developer
553,Ekaterina,Brady,Ekaterina.Brady@yopmail.com,Ekaterina.Brady@gmail.com,developer
554,Dulce,Ferino,Dulce.Ferino@yopmail.com,Dulce.Ferino@gmail.com,doctor
555,Lacie,Timon,Lacie.Timon@yopmail.com,Lacie.Timon@gmail.com,firefighter
556,Rubie,Hull,Rubie.Hull@yopmail.com,Rubie.Hull@gmail.com,doctor
557,Janis,Caitlin,Janis.Caitlin@yopmail.com,Janis.Caitlin@gmail.com,police officer
558,Katleen,Carbo,Katleen.Carbo@yopmail.com,Katleen.Carbo@gmail.com,police officer
559,Melodie,Wilona,Melodie.Wilona@yopmail.com,Melodie.Wilona@gmail.com,police officer
560,Daune,McLaughlin,Daune.McLaughlin@yopmail.com,Daune.McLaughlin@gmail.com,doctor
561,Malina,Calhoun,Malina.Calhoun@yopmail.com,Malina.Calhoun@gmail.com,doctor
562,Reeba,Bethany,Reeba.Bethany@yopmail.com,Reeba.Bethany@gmail.com,firefighter
563,Camile,Bryna,Camile.Bryna@yopmail.com,Camile.Bryna@gmail.com,worker
564,Gertrud,Socha,Gertrud.Socha@yopmail.com,Gertrud.Socha@gmail.com,worker
565,Lynea,Larochelle,Lynea.Larochelle@yopmail.com,Lynea.Larochelle@gmail.com,firefighter
566,Olwen,Marcellus,Olwen.Marcellus@yopmail.com,Olwen.Marcellus@gmail.com,worker
567,Gerianna,Joseph,Gerianna.Joseph@yopmail.com,Gerianna.Joseph@gmail.com,police officer
568,Calla,Plato,Calla.Plato@yopmail.com,Calla.Plato@gmail.com,developer
569,Marita,Jacobah,Marita.Jacobah@yopmail.com,Marita.Jacobah@gmail.com,police officer
570,Edee,Mich,Edee.Mich@yopmail.com,Edee.Mich@gmail.com,developer
571,Dotty,Abernon,Dotty.Abernon@yopmail.com,Dotty.Abernon@gmail.com,worker
572,Keelia,Lauraine,Keelia.Lauraine@yopmail.com,Keelia.Lauraine@gmail.com,doctor
573,Gabi,Anton,Gabi.Anton@yopmail.com,Gabi.Anton@gmail.com,worker
574,Lelah,Jena,Lelah.Jena@yopmail.com,Lelah.Jena@gmail.com,police officer
575,Kary,Screens,Kary.Screens@yopmail.com,Kary.Screens@gmail.com,doctor
576,Madelle,Daveta,Madelle.Daveta@yopmail.com,Madelle.Daveta@gmail.com,doctor
577,Frances,Donell,Frances.Donell@yopmail.com,Frances.Donell@gmail.com,worker
578,Jorry,Belanger,Jorry.Belanger@yopmail.com,Jorry.Belanger@gmail.com,developer
579,Selia,Casimir,Selia.Casimir@yopmail.com,Selia.Casimir@gmail.com,doctor
580,Judy,Sparhawk,Judy.Sparhawk@yopmail.com,Judy.Sparhawk@gmail.com,worker
581,Brianna,Vivle,Brianna.Vivle@yopmail.com,Brianna.Vivle@gmail.com,worker
582,Sean,Joseph,Sean.Joseph@yopmail.com,Sean.Joseph@gmail.com,worker
583,Malina,Raama,Malina.Raama@yopmail.com,Malina.Raama@gmail.com,doctor
584,Elena,Freddi,Elena.Freddi@yopmail.com,Elena.Freddi@gmail.com,worker
585,Alejandra,Elbertina,Alejandra.Elbertina@yopmail.com,Alejandra.Elbertina@gmail.com,police officer
586,Alleen,Haerr,Alleen.Haerr@yopmail.com,Alleen.Haerr@gmail.com,firefighter
587,Kristan,Roscoe,Kristan.Roscoe@yopmail.com,Kristan.Roscoe@gmail.com,firefighter
588,Kimmy,Klotz,Kimmy.Klotz@yopmail.com,Kimmy.Klotz@gmail.com,worker
589,Judy,Longfellow,Judy.Longfellow@yopmail.com,Judy.Longfellow@gmail.com,firefighter
590,Leona,Secrest,Leona.Secrest@yopmail.com,Leona.Secrest@gmail.com,firefighter
591,Jeanna,Milson,Jeanna.Milson@yopmail.com,Jeanna.Milson@gmail.com,doctor
592,Doralynne,Tengdin,Doralynne.Tengdin@yopmail.com,Doralynne.Tengdin@gmail.com,police officer
593,Roz,Kermit,Roz.Kermit@yopmail.com,Roz.Kermit@gmail.com,doctor
594,Melanie,Jenness,Melanie.Jenness@yopmail.com,Melanie.Jenness@gmail.com,police officer
595,Jaclyn,Bryna,Jaclyn.Bryna@yopmail.com,Jaclyn.Bryna@gmail.com,doctor
596,Selia,Shama,Selia.Shama@yopmail.com,Selia.Shama@gmail.com,firefighter
597,Courtnay,Eachern,Courtnay.Eachern@yopmail.com,Courtnay.Eachern@gmail.com,worker
598,Celene,Thilda,Celene.Thilda@yopmail.com,Celene.Thilda@gmail.com,doctor
599,Laurene,Tufts,Laurene.Tufts@yopmail.com,Laurene.Tufts@gmail.com,doctor
600,Emma,Kirstin,Emma.Kirstin@yopmail.com,Emma.Kirstin@gmail.com,firefighter
601,Kimmy,Gladstone,Kimmy.Gladstone@yopmail.com,Kimmy.Gladstone@gmail.com,doctor
602,Phedra,Helfand,Phedra.Helfand@yopmail.com,Phedra.Helfand@gmail.com,worker
603,Katleen,Solitta,Katleen.Solitta@yopmail.com,Katleen.Solitta@gmail.com,police officer
604,Tori,Rooney,Tori.Rooney@yopmail.com,Tori.Rooney@gmail.com,doctor
605,Kalina,Tamsky,Kalina.Tamsky@yopmail.com,Kalina.Tamsky@gmail.com,doctor
606,Morganica,Avi,Morganica.Avi@yopmail.com,Morganica.Avi@gmail.com,doctor
607,Jsandye,Sisile,Jsandye.Sisile@yopmail.com,Jsandye.Sisile@gmail.com,police officer
608,Dolli,Borrell,Dolli.Borrell@yopmail.com,Dolli.Borrell@gmail.com,worker
609,Alisha,Sperling,Alisha.Sperling@yopmail.com,Alisha.Sperling@gmail.com,worker
610,Goldie,Lorain,Goldie.Lorain@yopmail.com,Goldie.Lorain@gmail.com,developer
611,Deirdre,McClimans,Deirdre.McClimans@yopmail.com,Deirdre.McClimans@gmail.com,worker
612,Ellette,Timon,Ellette.Timon@yopmail.com,Ellette.Timon@gmail.com,developer
613,Lindie,Burkle,Lindie.Burkle@yopmail.com,Lindie.Burkle@gmail.com,police officer
614,Evita,Rese,Evita.Rese@yopmail.com,Evita.Rese@gmail.com,developer
615,Dorthy,Rheingold,Dorthy.Rheingold@yopmail.com,Dorthy.Rheingold@gmail.com,worker
616,Brooks,Leler,Brooks.Leler@yopmail.com,Brooks.Leler@gmail.com,doctor
617,Arabel,Jess,Arabel.Jess@yopmail.com,Arabel.Jess@gmail.com,police officer
618,Mahalia,Bertold,Mahalia.Bertold@yopmail.com,Mahalia.Bertold@gmail.com,firefighter
619,Gilda,Newell,Gilda.Newell@yopmail.com,Gilda.Newell@gmail.com,police officer
620,Winny,Francyne,Winny.Francyne@yopmail.com,Winny.Francyne@gmail.com,firefighter
621,Jenda,Telfer,Jenda.Telfer@yopmail.com,Jenda.Telfer@gmail.com,worker
622,Sean,Persse,Sean.Persse@yopmail.com,Sean.Persse@gmail.com,worker
623,Rhea,Cloris,Rhea.Cloris@yopmail.com,Rhea.Cloris@gmail.com,firefighter
624,Augustine,Annabella,Augustine.Annabella@yopmail.com,Augustine.Annabella@gmail.com,worker
625,Linet,Iaverne,Linet.Iaverne@yopmail.com,Linet.Iaverne@gmail.com,firefighter
626,Jessamyn,Romelda,Jessamyn.Romelda@yopmail.com,Jessamyn.Romelda@gmail.com,worker
627,Marcelline,Weitman,Marcelline.Weitman@yopmail.com,Marcelline.Weitman@gmail.com,worker
628,Marylou,Faria,Marylou.Faria@yopmail.com,Marylou.Faria@gmail.com,developer
629,Chere,Weinreb,Chere.Weinreb@yopmail.com,Chere.Weinreb@gmail.com,police officer
630,Anthia,Rolf,Anthia.Rolf@yopmail.com,Anthia.Rolf@gmail.com,police officer
631,Chloris,Tjon,Chloris.Tjon@yopmail.com,Chloris.Tjon@gmail.com,doctor
632,Cordi,Zachary,Cordi.Zachary@yopmail.com,Cordi.Zachary@gmail.com,doctor
633,Lelah,Kauppi,Lelah.Kauppi@yopmail.com,Lelah.Kauppi@gmail.com,doctor
634,Darlleen,Gladstone,Darlleen.Gladstone@yopmail.com,Darlleen.Gladstone@gmail.com,doctor
635,Zaria,Genna,Zaria.Genna@yopmail.com,Zaria.Genna@gmail.com,police officer
636,Lucy,Mallon,Lucy.Mallon@yopmail.com,Lucy.Mallon@gmail.com,developer
637,Juliane,Simmonds,Juliane.Simmonds@yopmail.com,Juliane.Simmonds@gmail.com,developer
638,Elie,Denis,Elie.Denis@yopmail.com,Elie.Denis@gmail.com,firefighter
639,Elsie,Garbe,Elsie.Garbe@yopmail.com,Elsie.Garbe@gmail.com,doctor
640,Wynne,Catie,Wynne.Catie@yopmail.com,Wynne.Catie@gmail.com,worker
641,Olivette,Tyson,Olivette.Tyson@yopmail.com,Olivette.Tyson@gmail.com,worker
642,Glynnis,Hilbert,Glynnis.Hilbert@yopmail.com,Glynnis.Hilbert@gmail.com,doctor
643,Constance,Tyson,Constance.Tyson@yopmail.com,Constance.Tyson@gmail.com,doctor
644,Sybille,Arathorn,Sybille.Arathorn@yopmail.com,Sybille.Arathorn@gmail.com,worker
645,Korrie,Cordi,Korrie.Cordi@yopmail.com,Korrie.Cordi@gmail.com,developer
646,Oralee,Trinetta,Oralee.Trinetta@yopmail.com,Oralee.Trinetta@gmail.com,police officer
647,Ermengarde,Pitt,Ermengarde.Pitt@yopmail.com,Ermengarde.Pitt@gmail.com,developer
648,Malina,Cath,Malina.Cath@yopmail.com,Malina.Cath@gmail.com,firefighter
649,Carilyn,Hedve,Carilyn.Hedve@yopmail.com,Carilyn.Hedve@gmail.com,developer
650,Tressa,Pyle,Tressa.Pyle@yopmail.com,Tressa.Pyle@gmail.com,developer
651,Netty,Terencio,Netty.Terencio@yopmail.com,Netty.Terencio@gmail.com,doctor
652,Aryn,Honoria,Aryn.Honoria@yopmail.com,Aryn.Honoria@gmail.com,police officer
653,Maye,Longfellow,Maye.Longfellow@yopmail.com,Maye.Longfellow@gmail.com,doctor
654,Raina,Rosalba,Raina.Rosalba@yopmail.com,Raina.Rosalba@gmail.com,police officer
655,Cacilie,Esmaria,Cacilie.Esmaria@yopmail.com,Cacilie.Esmaria@gmail.com,developer
656,Siana,Old,Siana.Old@yopmail.com,Siana.Old@gmail.com,developer
657,Hannis,Raimondo,Hannis.Raimondo@yopmail.com,Hannis.Raimondo@gmail.com,developer
658,Gusella,MacIntosh,Gusella.MacIntosh@yopmail.com,Gusella.MacIntosh@gmail.com,developer
659,Letizia,Reneta,Letizia.Reneta@yopmail.com,Letizia.Reneta@gmail.com,developer
660,Lanna,Nickola,Lanna.Nickola@yopmail.com,Lanna.Nickola@gmail.com,firefighter
661,Patricia,Beebe,Patricia.Beebe@yopmail.com,Patricia.Beebe@gmail.com,doctor
662,Gertrud,Bibi,Gertrud.Bibi@yopmail.com,Gertrud.Bibi@gmail.com,worker
663,Christian,Idelia,Christian.Idelia@yopmail.com,Christian.Idelia@gmail.com,police officer
664,Kathi,Ferrell,Kathi.Ferrell@yopmail.com,Kathi.Ferrell@gmail.com,firefighter
665,Lauryn,Stanwood,Lauryn.Stanwood@yopmail.com,Lauryn.Stanwood@gmail.com,worker
666,Dyann,Seessel,Dyann.Seessel@yopmail.com,Dyann.Seessel@gmail.com,doctor
667,Nonnah,Bow,Nonnah.Bow@yopmail.com,Nonnah.Bow@gmail.com,police officer
668,Sara-Ann,Karl,Sara-Ann.Karl@yopmail.com,Sara-Ann.Karl@gmail.com,developer
669,Elbertina,Darbie,Elbertina.Darbie@yopmail.com,Elbertina.Darbie@gmail.com,developer
670,Hyacinthe,Bonucci,Hyacinthe.Bonucci@yopmail.com,Hyacinthe.Bonucci@gmail.com,doctor
671,Gertrud,Rosalba,Gertrud.Rosalba@yopmail.com,Gertrud.Rosalba@gmail.com,firefighter
672,Shell,Dex,Shell.Dex@yopmail.com,Shell.Dex@gmail.com,developer
673,Lynde,Cadmar,Lynde.Cadmar@yopmail.com,Lynde.Cadmar@gmail.com,police officer
674,Augustine,Firmin,Augustine.Firmin@yopmail.com,Augustine.Firmin@gmail.com,firefighter
675,Lacie,Carbo,Lacie.Carbo@yopmail.com,Lacie.Carbo@gmail.com,firefighter
676,Teriann,Lamoree,Teriann.Lamoree@yopmail.com,Teriann.Lamoree@gmail.com,developer
677,Kenna,Shaddock,Kenna.Shaddock@yopmail.com,Kenna.Shaddock@gmail.com,developer
678,Kenna,Forrer,Kenna.Forrer@yopmail.com,Kenna.Forrer@gmail.com,developer
679,Latisha,Stanwood,Latisha.Stanwood@yopmail.com,Latisha.Stanwood@gmail.com,firefighter
680,Kary,Cherianne,Kary.Cherianne@yopmail.com,Kary.Cherianne@gmail.com,police officer
681,Lynea,Karl,Lynea.Karl@yopmail.com,Lynea.Karl@gmail.com,firefighter
682,Mariele,Linskey,Mariele.Linskey@yopmail.com,Mariele.Linskey@gmail.com,developer
683,Dale,Gabrielli,Dale.Gabrielli@yopmail.com,Dale.Gabrielli@gmail.com,developer
684,Romona,Brunell,Romona.Brunell@yopmail.com,Romona.Brunell@gmail.com,worker
685,Jacenta,Joeann,Jacenta.Joeann@yopmail.com,Jacenta.Joeann@gmail.com,firefighter
686,Dione,Sigfrid,Dione.Sigfrid@yopmail.com,Dione.Sigfrid@gmail.com,doctor
687,Deedee,Merna,Deedee.Merna@yopmail.com,Deedee.Merna@gmail.com,developer
688,Minne,Infield,Minne.Infield@yopmail.com,Minne.Infield@gmail.com,doctor
689,Rhea,Pozzy,Rhea.Pozzy@yopmail.com,Rhea.Pozzy@gmail.com,developer
690,Shandie,Shanley,Shandie.Shanley@yopmail.com,Shandie.Shanley@gmail.com,doctor
691,Ana,Earlie,Ana.Earlie@yopmail.com,Ana.Earlie@gmail.com,developer
692,Dorice,Jess,Dorice.Jess@yopmail.com,Dorice.Jess@gmail.com,police officer
693,Kirstin,Jorgan,Kirstin.Jorgan@yopmail.com,Kirstin.Jorgan@gmail.com,doctor
694,Elbertina,Zola,Elbertina.Zola@yopmail.com,Elbertina.Zola@gmail.com,worker
695,Frances,Behre,Frances.Behre@yopmail.com,Frances.Behre@gmail.com,firefighter
696,Rosaline,Ball,Rosaline.Ball@yopmail.com,Rosaline.Ball@gmail.com,worker
697,Roslyn,Diogenes,Roslyn.Diogenes@yopmail.com,Roslyn.Diogenes@gmail.com,worker
698,Ada,Norrie,Ada.Norrie@yopmail.com,Ada.Norrie@gmail.com,developer
699,Kylynn,Earlie,Kylynn.Earlie@yopmail.com,Kylynn.Earlie@gmail.com,doctor
700,Althea,Kiersten,Althea.Kiersten@yopmail.com,Althea.Kiersten@gmail.com,police officer
701,Laurene,Holbrook,Laurene.Holbrook@yopmail.com,Laurene.Holbrook@gmail.com,doctor
702,Nannie,Buttaro,Nannie.Buttaro@yopmail.com,Nannie.Buttaro@gmail.com,firefighter
703,Latisha,Raychel,Latisha.Raychel@yopmail.com,Latisha.Raychel@gmail.com,firefighter
704,Tani,Elephus,Tani.Elephus@yopmail.com,Tani.Elephus@gmail.com,worker
705,Starla,Ortrude,Starla.Ortrude@yopmail.com,Starla.Ortrude@gmail.com,doctor
706,Elvira,Kauppi,Elvira.Kauppi@yopmail.com,Elvira.Kauppi@gmail.com,doctor
707,Millie,Diann,Millie.Diann@yopmail.com,Millie.Diann@gmail.com,developer
708,Maryellen,Olin,Maryellen.Olin@yopmail.com,Maryellen.Olin@gmail.com,developer
709,Tracey,Amand,Tracey.Amand@yopmail.com,Tracey.Amand@gmail.com,firefighter
710,Fayre,Bach,Fayre.Bach@yopmail.com,Fayre.Bach@gmail.com,doctor
711,Roslyn,Duwalt,Roslyn.Duwalt@yopmail.com,Roslyn.Duwalt@gmail.com,firefighter
712,Cristine,Kelula,Cristine.Kelula@yopmail.com,Cristine.Kelula@gmail.com,worker
713,Florencia,Lalitta,Florencia.Lalitta@yopmail.com,Florencia.Lalitta@gmail.com,police officer
714,Angela,Goddard,Angela.Goddard@yopmail.com,Angela.Goddard@gmail.com,firefighter
715,Donetta,Ambrosia,Donetta.Ambrosia@yopmail.com,Donetta.Ambrosia@gmail.com,worker
716,Oralee,Karl,Oralee.Karl@yopmail.com,Oralee.Karl@gmail.com,firefighter
717,Frances,Lemuela,Frances.Lemuela@yopmail.com,Frances.Lemuela@gmail.com,developer
718,Ruthe,Buckler,Ruthe.Buckler@yopmail.com,Ruthe.Buckler@gmail.com,doctor
719,Rosaline,Schlosser,Rosaline.Schlosser@yopmail.com,Rosaline.Schlosser@gmail.com,worker
720,Brooks,Dyche,Brooks.Dyche@yopmail.com,Brooks.Dyche@gmail.com,firefighter
721,Steffane,Wiener,Steffane.Wiener@yopmail.com,Steffane.Wiener@gmail.com,worker
722,Ardeen,McClimans,Ardeen.McClimans@yopmail.com,Ardeen.McClimans@gmail.com,worker
723,Noelle,Irmine,Noelle.Irmine@yopmail.com,Noelle.Irmine@gmail.com,developer
724,Rani,Gaynor,Rani.Gaynor@yopmail.com,Rani.Gaynor@gmail.com,firefighter
725,Lizzie,Buffum,Lizzie.Buffum@yopmail.com,Lizzie.Buffum@gmail.com,police officer
726,Lyssa,Bonucci,Lyssa.Bonucci@yopmail.com,Lyssa.Bonucci@gmail.com,police officer
727,Maye,Kellby,Maye.Kellby@yopmail.com,Maye.Kellby@gmail.com,firefighter
728,Goldie,Gaal,Goldie.Gaal@yopmail.com,Goldie.Gaal@gmail.com,firefighter
729,Gavrielle,Hortensia,Gavrielle.Hortensia@yopmail.com,Gavrielle.Hortensia@gmail.com,police officer
730,Elvira,Vary,Elvira.Vary@yopmail.com,Elvira.Vary@gmail.com,developer
731,Clementine,Corrine,Clementine.Corrine@yopmail.com,Clementine.Corrine@gmail.com,worker
732,Di,Gavrila,Di.Gavrila@yopmail.com,Di.Gavrila@gmail.com,worker
733,Gerianna,Edmund,Gerianna.Edmund@yopmail.com,Gerianna.Edmund@gmail.com,developer
734,Wanda,Sherrie,Wanda.Sherrie@yopmail.com,Wanda.Sherrie@gmail.com,police officer
735,Elfreda,Wu,Elfreda.Wu@yopmail.com,Elfreda.Wu@gmail.com,worker
736,Myrtice,Wattenberg,Myrtice.Wattenberg@yopmail.com,Myrtice.Wattenberg@gmail.com,firefighter
737,Henriette,Drus,Henriette.Drus@yopmail.com,Henriette.Drus@gmail.com,worker
738,Camile,Destinee,Camile.Destinee@yopmail.com,Camile.Destinee@gmail.com,police officer
739,Sallie,Karylin,Sallie.Karylin@yopmail.com,Sallie.Karylin@gmail.com,doctor
740,Letizia,Amand,Letizia.Amand@yopmail.com,Letizia.Amand@gmail.com,doctor
741,Jerry,Reidar,Jerry.Reidar@yopmail.com,Jerry.Reidar@gmail.com,doctor
742,Marinna,Jammal,Marinna.Jammal@yopmail.com,Marinna.Jammal@gmail.com,worker
743,Emma,Emerson,Emma.Emerson@yopmail.com,Emma.Emerson@gmail.com,police officer
744,Edee,Federica,Edee.Federica@yopmail.com,Edee.Federica@gmail.com,firefighter
745,Valeda,Pyle,Valeda.Pyle@yopmail.com,Valeda.Pyle@gmail.com,worker
746,Raquela,Bearnard,Raquela.Bearnard@yopmail.com,Raquela.Bearnard@gmail.com,developer
747,Blondelle,Eliathas,Blondelle.Eliathas@yopmail.com,Blondelle.Eliathas@gmail.com,doctor
748,Micheline,Wooster,Micheline.Wooster@yopmail.com,Micheline.Wooster@gmail.com,worker
749,Aryn,Hanshaw,Aryn.Hanshaw@yopmail.com,Aryn.Hanshaw@gmail.com,firefighter
750,Frances,Corabella,Frances.Corabella@yopmail.com,Frances.Corabella@gmail.com,police officer
751,Sidoney,Nore,Sidoney.Nore@yopmail.com,Sidoney.Nore@gmail.com,firefighter
752,Morganica,Stelle,Morganica.Stelle@yopmail.com,Morganica.Stelle@gmail.com,developer
753,Keelia,Ellord,Keelia.Ellord@yopmail.com,Keelia.Ellord@gmail.com,worker
754,Dorice,Dowski,Dorice.Dowski@yopmail.com,Dorice.Dowski@gmail.com,police officer
755,Eadie,Stelle,Eadie.Stelle@yopmail.com,Eadie.Stelle@gmail.com,doctor
756,Celene,Pyle,Celene.Pyle@yopmail.com,Celene.Pyle@gmail.com,worker
757,Darci,Ludewig,Darci.Ludewig@yopmail.com,Darci.Ludewig@gmail.com,developer
758,Lita,Sekofski,Lita.Sekofski@yopmail.com,Lita.Sekofski@gmail.com,firefighter
759,Annaliese,Read,Annaliese.Read@yopmail.com,Annaliese.Read@gmail.com,police officer
760,Kayla,Erskine,Kayla.Erskine@yopmail.com,Kayla.Erskine@gmail.com,developer
761,Evita,Parette,Evita.Parette@yopmail.com,Evita.Parette@gmail.com,police officer
762,Paule,Secrest,Paule.Secrest@yopmail.com,Paule.Secrest@gmail.com,developer
763,Mureil,Niccolo,Mureil.Niccolo@yopmail.com,Mureil.Niccolo@gmail.com,worker
764,Florie,Neva,Florie.Neva@yopmail.com,Florie.Neva@gmail.com,worker
765,Giustina,Hortensia,Giustina.Hortensia@yopmail.com,Giustina.Hortensia@gmail.com,police officer
766,Larine,Thar,Larine.Thar@yopmail.com,Larine.Thar@gmail.com,police officer
767,Maye,Ulphia,Maye.Ulphia@yopmail.com,Maye.Ulphia@gmail.com,worker
768,Sandie,Othilia,Sandie.Othilia@yopmail.com,Sandie.Othilia@gmail.com,developer
769,Daune,Cecile,Daune.Cecile@yopmail.com,Daune.Cecile@gmail.com,doctor
770,Cristabel,Colbert,Cristabel.Colbert@yopmail.com,Cristabel.Colbert@gmail.com,police officer
771,Brianna,Hull,Brianna.Hull@yopmail.com,Brianna.Hull@gmail.com,developer
772,Petronia,Pattin,Petronia.Pattin@yopmail.com,Petronia.Pattin@gmail.com,police officer
773,Kathy,Medrek,Kathy.Medrek@yopmail.com,Kathy.Medrek@gmail.com,police officer
774,Nollie,Allys,Nollie.Allys@yopmail.com,Nollie.Allys@gmail.com,firefighter
775,Sissy,Girardo,Sissy.Girardo@yopmail.com,Sissy.Girardo@gmail.com,worker
776,Blondelle,Yuille,Blondelle.Yuille@yopmail.com,Blondelle.Yuille@gmail.com,worker
777,Cathie,Morgun,Cathie.Morgun@yopmail.com,Cathie.Morgun@gmail.com,developer
778,Gabi,Wilona,Gabi.Wilona@yopmail.com,Gabi.Wilona@gmail.com,doctor
779,Rori,Ephrem,Rori.Ephrem@yopmail.com,Rori.Ephrem@gmail.com,police officer
780,Shel,Kaja,Shel.Kaja@yopmail.com,Shel.Kaja@gmail.com,worker
781,Oralee,Helve,Oralee.Helve@yopmail.com,Oralee.Helve@gmail.com,firefighter
782,Catrina,Bates,Catrina.Bates@yopmail.com,Catrina.Bates@gmail.com,police officer
783,Kathi,Taima,Kathi.Taima@yopmail.com,Kathi.Taima@gmail.com,worker
784,Silvana,Kat,Silvana.Kat@yopmail.com,Silvana.Kat@gmail.com,police officer
785,Wanda,Means,Wanda.Means@yopmail.com,Wanda.Means@gmail.com,police officer
786,Corene,Narton,Corene.Narton@yopmail.com,Corene.Narton@gmail.com,firefighter
787,Tracey,Eckblad,Tracey.Eckblad@yopmail.com,Tracey.Eckblad@gmail.com,firefighter
788,Ann-Marie,Birdella,Ann-Marie.Birdella@yopmail.com,Ann-Marie.Birdella@gmail.com,developer
789,Nelle,Dulciana,Nelle.Dulciana@yopmail.com,Nelle.Dulciana@gmail.com,police officer
790,Orsola,Brotherson,Orsola.Brotherson@yopmail.com,Orsola.Brotherson@gmail.com,developer
791,Lita,Alva,Lita.Alva@yopmail.com,Lita.Alva@gmail.com,worker
792,Janenna,Dreda,Janenna.Dreda@yopmail.com,Janenna.Dreda@gmail.com,doctor
793,Melodie,Barbey,Melodie.Barbey@yopmail.com,Melodie.Barbey@gmail.com,police officer
794,Dagmar,Klotz,Dagmar.Klotz@yopmail.com,Dagmar.Klotz@gmail.com,worker
795,Berget,Raffo,Berget.Raffo@yopmail.com,Berget.Raffo@gmail.com,developer
796,Michaelina,Dex,Michaelina.Dex@yopmail.com,Michaelina.Dex@gmail.com,firefighter
797,Aeriela,Stephie,Aeriela.Stephie@yopmail.com,Aeriela.Stephie@gmail.com,police officer
798,Leontine,Raimondo,Leontine.Raimondo@yopmail.com,Leontine.Raimondo@gmail.com,police officer
799,Danika,Stephie,Danika.Stephie@yopmail.com,Danika.Stephie@gmail.com,developer
800,Berget,Letsou,Berget.Letsou@yopmail.com,Berget.Letsou@gmail.com,doctor
801,Consuela,Aaberg,Consuela.Aaberg@yopmail.com,Consuela.Aaberg@gmail.com,doctor
802,Kathi,Maples,Kathi.Maples@yopmail.com,Kathi.Maples@gmail.com,police officer
803,Almeta,Goth,Almeta.Goth@yopmail.com,Almeta.Goth@gmail.com,police officer
804,Kathi,Pearse,Kathi.Pearse@yopmail.com,Kathi.Pearse@gmail.com,worker
805,Cassondra,Ackerley,Cassondra.Ackerley@yopmail.com,Cassondra.Ackerley@gmail.com,worker
806,Sonni,Sholley,Sonni.Sholley@yopmail.com,Sonni.Sholley@gmail.com,firefighter
807,Rebeca,Latini,Rebeca.Latini@yopmail.com,Rebeca.Latini@gmail.com,worker
808,Nicoli,Cordi,Nicoli.Cordi@yopmail.com,Nicoli.Cordi@gmail.com,doctor
809,Georgetta,Wesle,Georgetta.Wesle@yopmail.com,Georgetta.Wesle@gmail.com,doctor
810,Tina,Giule,Tina.Giule@yopmail.com,Tina.Giule@gmail.com,developer
811,Gloria,Burnside,Gloria.Burnside@yopmail.com,Gloria.Burnside@gmail.com,worker
812,Caritta,Lowry,Caritta.Lowry@yopmail.com,Caritta.Lowry@gmail.com,firefighter
813,Jolyn,Schenck,Jolyn.Schenck@yopmail.com,Jolyn.Schenck@gmail.com,firefighter
814,Lusa,Kiersten,Lusa.Kiersten@yopmail.com,Lusa.Kiersten@gmail.com,doctor
815,Joelly,Pip,Joelly.Pip@yopmail.com,Joelly.Pip@gmail.com,firefighter
816,Maryellen,Stefa,Maryellen.Stefa@yopmail.com,Maryellen.Stefa@gmail.com,police officer
817,Emma,Rad,Emma.Rad@yopmail.com,Emma.Rad@gmail.com,worker
818,Linzy,Malvino,Linzy.Malvino@yopmail.com,Linzy.Malvino@gmail.com,developer
819,Jaime,Ranjiv,Jaime.Ranjiv@yopmail.com,Jaime.Ranjiv@gmail.com,doctor
820,Catharine,Magnolia,Catharine.Magnolia@yopmail.com,Catharine.Magnolia@gmail.com,developer
821,Halette,Bertold,Halette.Bertold@yopmail.com,Halette.Bertold@gmail.com,doctor
822,Mireielle,Macey,Mireielle.Macey@yopmail.com,Mireielle.Macey@gmail.com,police officer
823,Joelly,Hollingsworth,Joelly.Hollingsworth@yopmail.com,Joelly.Hollingsworth@gmail.com,worker
824,Cathie,Myrilla,Cathie.Myrilla@yopmail.com,Cathie.Myrilla@gmail.com,police officer
825,Sam,Bennie,Sam.Bennie@yopmail.com,Sam.Bennie@gmail.com,doctor
826,Nita,Loleta,Nita.Loleta@yopmail.com,Nita.Loleta@gmail.com,doctor
827,Flory,Vacuva,Flory.Vacuva@yopmail.com,Flory.Vacuva@gmail.com,worker
828,Norine,Helfand,Norine.Helfand@yopmail.com,Norine.Helfand@gmail.com,worker
829,Kaia,Milson,Kaia.Milson@yopmail.com,Kaia.Milson@gmail.com,firefighter
830,Correy,Wenoa,Correy.Wenoa@yopmail.com,Correy.Wenoa@gmail.com,worker
831,Emylee,Jorgan,Emylee.Jorgan@yopmail.com,Emylee.Jorgan@gmail.com,developer
832,Lusa,Durante,Lusa.Durante@yopmail.com,Lusa.Durante@gmail.com,firefighter
833,Luci,Annice,Luci.Annice@yopmail.com,Luci.Annice@gmail.com,developer
834,Orsola,Hewitt,Orsola.Hewitt@yopmail.com,Orsola.Hewitt@gmail.com,worker
835,Aurelie,Aldric,Aurelie.Aldric@yopmail.com,Aurelie.Aldric@gmail.com,doctor
836,Corly,Land,Corly.Land@yopmail.com,Corly.Land@gmail.com,police officer
837,Annice,Leifeste,Annice.Leifeste@yopmail.com,Annice.Leifeste@gmail.com,doctor
838,Sidoney,Ruvolo,Sidoney.Ruvolo@yopmail.com,Sidoney.Ruvolo@gmail.com,worker
839,Lynnea,Jotham,Lynnea.Jotham@yopmail.com,Lynnea.Jotham@gmail.com,worker
840,Carmencita,Gibbeon,Carmencita.Gibbeon@yopmail.com,Carmencita.Gibbeon@gmail.com,police officer
841,Tabbatha,Brian,Tabbatha.Brian@yopmail.com,Tabbatha.Brian@gmail.com,developer
842,Elfreda,Christine,Elfreda.Christine@yopmail.com,Elfreda.Christine@gmail.com,doctor
843,Brena,Kauppi,Brena.Kauppi@yopmail.com,Brena.Kauppi@gmail.com,developer
844,Valli,Allys,Valli.Allys@yopmail.com,Valli.Allys@gmail.com,developer
845,Renae,Parette,Renae.Parette@yopmail.com,Renae.Parette@gmail.com,worker
846,Briney,Quinn,Briney.Quinn@yopmail.com,Briney.Quinn@gmail.com,developer
847,Valli,Esmaria,Valli.Esmaria@yopmail.com,Valli.Esmaria@gmail.com,police officer
848,Patricia,Denis,Patricia.Denis@yopmail.com,Patricia.Denis@gmail.com,developer
849,Iseabal,Telfer,Iseabal.Telfer@yopmail.com,Iseabal.Telfer@gmail.com,firefighter
850,Cindelyn,Felecia,Cindelyn.Felecia@yopmail.com,Cindelyn.Felecia@gmail.com,police officer
851,Alex,Alva,Alex.Alva@yopmail.com,Alex.Alva@gmail.com,firefighter
852,Cathyleen,Stevy,Cathyleen.Stevy@yopmail.com,Cathyleen.Stevy@gmail.com,firefighter
853,Blake,Evvie,Blake.Evvie@yopmail.com,Blake.Evvie@gmail.com,police officer
854,Mireielle,Palocz,Mireielle.Palocz@yopmail.com,Mireielle.Palocz@gmail.com,developer
855,Gisela,Khorma,Gisela.Khorma@yopmail.com,Gisela.Khorma@gmail.com,developer
856,Perry,Schroth,Perry.Schroth@yopmail.com,Perry.Schroth@gmail.com,developer
857,Donetta,Merell,Donetta.Merell@yopmail.com,Donetta.Merell@gmail.com,firefighter
858,Karina,Faso,Karina.Faso@yopmail.com,Karina.Faso@gmail.com,doctor
859,Teriann,Sidonius,Teriann.Sidonius@yopmail.com,Teriann.Sidonius@gmail.com,worker
860,Clary,Uund,Clary.Uund@yopmail.com,Clary.Uund@gmail.com,firefighter
861,Joceline,Rodmann,Joceline.Rodmann@yopmail.com,Joceline.Rodmann@gmail.com,firefighter
862,Vanessa,Margarete,Vanessa.Margarete@yopmail.com,Vanessa.Margarete@gmail.com,worker
863,Merry,Hull,Merry.Hull@yopmail.com,Merry.Hull@gmail.com,worker
864,Cordi,Craggie,Cordi.Craggie@yopmail.com,Cordi.Craggie@gmail.com,police officer
865,Dianemarie,Sherrie,Dianemarie.Sherrie@yopmail.com,Dianemarie.Sherrie@gmail.com,worker
866,Layla,Ax,Layla.Ax@yopmail.com,Layla.Ax@gmail.com,developer
867,Rhea,Kenwood,Rhea.Kenwood@yopmail.com,Rhea.Kenwood@gmail.com,firefighter
868,Lorenza,Cosenza,Lorenza.Cosenza@yopmail.com,Lorenza.Cosenza@gmail.com,firefighter
869,Cassondra,Barbey,Cassondra.Barbey@yopmail.com,Cassondra.Barbey@gmail.com,developer
870,Kittie,Terencio,Kittie.Terencio@yopmail.com,Kittie.Terencio@gmail.com,doctor
871,Nannie,Travax,Nannie.Travax@yopmail.com,Nannie.Travax@gmail.com,firefighter
872,Roz,Ariella,Roz.Ariella@yopmail.com,Roz.Ariella@gmail.com,worker
873,Fawne,Ricki,Fawne.Ricki@yopmail.com,Fawne.Ricki@gmail.com,firefighter
874,Gerrie,Yam,Gerrie.Yam@yopmail.com,Gerrie.Yam@gmail.com,firefighter
875,Asia,Maxi,Asia.Maxi@yopmail.com,Asia.Maxi@gmail.com,firefighter
876,Meghann,Lytton,Meghann.Lytton@yopmail.com,Meghann.Lytton@gmail.com,developer
877,Adriana,Edvard,Adriana.Edvard@yopmail.com,Adriana.Edvard@gmail.com,police officer
878,Rosanne,Westphal,Rosanne.Westphal@yopmail.com,Rosanne.Westphal@gmail.com,doctor
879,Theodora,Center,Theodora.Center@yopmail.com,Theodora.Center@gmail.com,police officer
880,Lauryn,Burkle,Lauryn.Burkle@yopmail.com,Lauryn.Burkle@gmail.com,doctor
881,Ruthe,Alabaster,Ruthe.Alabaster@yopmail.com,Ruthe.Alabaster@gmail.com,worker
882,Deane,Salchunas,Deane.Salchunas@yopmail.com,Deane.Salchunas@gmail.com,police officer
883,Karena,Arquit,Karena.Arquit@yopmail.com,Karena.Arquit@gmail.com,doctor
884,Margarette,Friede,Margarette.Friede@yopmail.com,Margarette.Friede@gmail.com,worker
885,Gloria,Toffic,Gloria.Toffic@yopmail.com,Gloria.Toffic@gmail.com,worker
886,Arlina,Screens,Arlina.Screens@yopmail.com,Arlina.Screens@gmail.com,worker
887,Renie,Jarib,Renie.Jarib@yopmail.com,Renie.Jarib@gmail.com,police officer
888,Desirae,Belldas,Desirae.Belldas@yopmail.com,Desirae.Belldas@gmail.com,doctor
889,Cherrita,Lutero,Cherrita.Lutero@yopmail.com,Cherrita.Lutero@gmail.com,firefighter
890,Ingrid,Amadas,Ingrid.Amadas@yopmail.com,Ingrid.Amadas@gmail.com,doctor
891,Karolina,Jalbert,Karolina.Jalbert@yopmail.com,Karolina.Jalbert@gmail.com,developer
892,Genevra,Skurnik,Genevra.Skurnik@yopmail.com,Genevra.Skurnik@gmail.com,firefighter
893,Sidoney,Remmer,Sidoney.Remmer@yopmail.com,Sidoney.Remmer@gmail.com,developer
894,Deirdre,Center,Deirdre.Center@yopmail.com,Deirdre.Center@gmail.com,worker
895,Chandra,Chobot,Chandra.Chobot@yopmail.com,Chandra.Chobot@gmail.com,firefighter
896,Ulrike,Old,Ulrike.Old@yopmail.com,Ulrike.Old@gmail.com,firefighter
897,Gusty,Thema,Gusty.Thema@yopmail.com,Gusty.Thema@gmail.com,police officer
898,Paulita,Marisa,Paulita.Marisa@yopmail.com,Paulita.Marisa@gmail.com,police officer
899,Sara-Ann,Matthew,Sara-Ann.Matthew@yopmail.com,Sara-Ann.Matthew@gmail.com,firefighter
900,Leontine,Sherrie,Leontine.Sherrie@yopmail.com,Leontine.Sherrie@gmail.com,doctor
901,Dorothy,Roxanna,Dorothy.Roxanna@yopmail.com,Dorothy.Roxanna@gmail.com,worker
902,Rosabelle,Arathorn,Rosabelle.Arathorn@yopmail.com,Rosabelle.Arathorn@gmail.com,firefighter
903,Berget,Corilla,Berget.Corilla@yopmail.com,Berget.Corilla@gmail.com,doctor
904,Elora,Love,Elora.Love@yopmail.com,Elora.Love@gmail.com,police officer
905,Mathilda,Toffic,Mathilda.Toffic@yopmail.com,Mathilda.Toffic@gmail.com,police officer
906,Kayla,Artie,Kayla.Artie@yopmail.com,Kayla.Artie@gmail.com,worker
907,Dale,Vary,Dale.Vary@yopmail.com,Dale.Vary@gmail.com,doctor
908,Asia,Pierette,Asia.Pierette@yopmail.com,Asia.Pierette@gmail.com,developer
909,Bobbi,Raychel,Bobbi.Raychel@yopmail.com,Bobbi.Raychel@gmail.com,firefighter
910,Gale,Thad,Gale.Thad@yopmail.com,Gale.Thad@gmail.com,worker
911,Christy,Gemini,Christy.Gemini@yopmail.com,Christy.Gemini@gmail.com,firefighter
912,Joleen,Marijo,Joleen.Marijo@yopmail.com,Joleen.Marijo@gmail.com,worker
913,Karina,Sherrie,Karina.Sherrie@yopmail.com,Karina.Sherrie@gmail.com,police officer
914,Roslyn,Felecia,Roslyn.Felecia@yopmail.com,Roslyn.Felecia@gmail.com,developer
915,Karena,Mata,Karena.Mata@yopmail.com,Karena.Mata@gmail.com,worker
916,Keelia,Ader,Keelia.Ader@yopmail.com,Keelia.Ader@gmail.com,firefighter
917,Codie,Viddah,Codie.Viddah@yopmail.com,Codie.Viddah@gmail.com,firefighter
918,Beth,Thornburg,Beth.Thornburg@yopmail.com,Beth.Thornburg@gmail.com,police officer
919,Elyssa,Jalbert,Elyssa.Jalbert@yopmail.com,Elyssa.Jalbert@gmail.com,firefighter
920,Lusa,Standing,Lusa.Standing@yopmail.com,Lusa.Standing@gmail.com,doctor
921,Elie,Prober,Elie.Prober@yopmail.com,Elie.Prober@gmail.com,worker
922,Nessie,Keelia,Nessie.Keelia@yopmail.com,Nessie.Keelia@gmail.com,firefighter
923,Jinny,Love,Jinny.Love@yopmail.com,Jinny.Love@gmail.com,doctor
924,Hope,Anton,Hope.Anton@yopmail.com,Hope.Anton@gmail.com,police officer
925,Tatiania,Hortensia,Tatiania.Hortensia@yopmail.com,Tatiania.Hortensia@gmail.com,doctor
926,Barbara,Fancie,Barbara.Fancie@yopmail.com,Barbara.Fancie@gmail.com,worker
927,Jaclyn,Iiette,Jaclyn.Iiette@yopmail.com,Jaclyn.Iiette@gmail.com,doctor
928,Katuscha,Tomasina,Katuscha.Tomasina@yopmail.com,Katuscha.Tomasina@gmail.com,worker
929,Rubie,Sisile,Rubie.Sisile@yopmail.com,Rubie.Sisile@gmail.com,police officer
930,Regina,Lail,Regina.Lail@yopmail.com,Regina.Lail@gmail.com,worker
931,Deane,Lilybelle,Deane.Lilybelle@yopmail.com,Deane.Lilybelle@gmail.com,developer
932,Dominga,Ehrman,Dominga.Ehrman@yopmail.com,Dominga.Ehrman@gmail.com,worker
933,Lexine,Willie,Lexine.Willie@yopmail.com,Lexine.Willie@gmail.com,worker
934,Tiffie,Skurnik,Tiffie.Skurnik@yopmail.com,Tiffie.Skurnik@gmail.com,developer
935,Ricky,Aaberg,Ricky.Aaberg@yopmail.com,Ricky.Aaberg@gmail.com,firefighter
936,Zondra,Elsinore,Zondra.Elsinore@yopmail.com,Zondra.Elsinore@gmail.com,doctor
937,Mureil,Malina,Mureil.Malina@yopmail.com,Mureil.Malina@gmail.com,firefighter
938,Selma,Nisbet,Selma.Nisbet@yopmail.com,Selma.Nisbet@gmail.com,firefighter
939,Eve,Gavrila,Eve.Gavrila@yopmail.com,Eve.Gavrila@gmail.com,worker
940,Amalie,Juan,Amalie.Juan@yopmail.com,Amalie.Juan@gmail.com,firefighter
941,Wynne,MacIntosh,Wynne.MacIntosh@yopmail.com,Wynne.MacIntosh@gmail.com,doctor
942,Jerry,Morgun,Jerry.Morgun@yopmail.com,Jerry.Morgun@gmail.com,worker
943,Averyl,Louanna,Averyl.Louanna@yopmail.com,Averyl.Louanna@gmail.com,worker
944,Rayna,Dex,Rayna.Dex@yopmail.com,Rayna.Dex@gmail.com,doctor
945,Margalo,Ivens,Margalo.Ivens@yopmail.com,Margalo.Ivens@gmail.com,police officer
946,Asia,Edison,Asia.Edison@yopmail.com,Asia.Edison@gmail.com,doctor
947,Melanie,Kaete,Melanie.Kaete@yopmail.com,Melanie.Kaete@gmail.com,doctor
948,Hope,Ellord,Hope.Ellord@yopmail.com,Hope.Ellord@gmail.com,developer
949,Raina,Harl,Raina.Harl@yopmail.com,Raina.Harl@gmail.com,worker
950,Cecile,Katrine,Cecile.Katrine@yopmail.com,Cecile.Katrine@gmail.com,police officer
951,Margarette,Skurnik,Margarette.Skurnik@yopmail.com,Margarette.Skurnik@gmail.com,doctor
952,Donetta,O'Carroll,Donetta.O'Carroll@yopmail.com,Donetta.O'Carroll@gmail.com,police officer
953,Tersina,Joachim,Tersina.Joachim@yopmail.com,Tersina.Joachim@gmail.com,worker
954,Devina,Anis,Devina.Anis@yopmail.com,Devina.Anis@gmail.com,worker
955,Harmonia,Hull,Harmonia.Hull@yopmail.com,Harmonia.Hull@gmail.com,developer
956,Kate,Haymes,Kate.Haymes@yopmail.com,Kate.Haymes@gmail.com,police officer
957,Audrie,Kaete,Audrie.Kaete@yopmail.com,Audrie.Kaete@gmail.com,worker
958,Philis,Brieta,Philis.Brieta@yopmail.com,Philis.Brieta@gmail.com,developer
959,Annabela,Arne,Annabela.Arne@yopmail.com,Annabela.Arne@gmail.com,developer
960,Etta,Lattie,Etta.Lattie@yopmail.com,Etta.Lattie@gmail.com,police officer
961,Marita,Friede,Marita.Friede@yopmail.com,Marita.Friede@gmail.com,firefighter
962,Mignon,Pearse,Mignon.Pearse@yopmail.com,Mignon.Pearse@gmail.com,police officer
963,Nyssa,Tillford,Nyssa.Tillford@yopmail.com,Nyssa.Tillford@gmail.com,police officer
964,Steffane,Rosette,Steffane.Rosette@yopmail.com,Steffane.Rosette@gmail.com,developer
965,Shirlee,Emerson,Shirlee.Emerson@yopmail.com,Shirlee.Emerson@gmail.com,developer
966,Dede,Pierette,Dede.Pierette@yopmail.com,Dede.Pierette@gmail.com,doctor
967,Theodora,Hortensia,Theodora.Hortensia@yopmail.com,Theodora.Hortensia@gmail.com,firefighter
968,Berta,Hillel,Berta.Hillel@yopmail.com,Berta.Hillel@gmail.com,worker
969,Lory,Nunci,Lory.Nunci@yopmail.com,Lory.Nunci@gmail.com,developer
970,Minda,Tomasina,Minda.Tomasina@yopmail.com,Minda.Tomasina@gmail.com,doctor
971,Carolina,Lasley,Carolina.Lasley@yopmail.com,Carolina.Lasley@gmail.com,worker
972,Arlina,Muriel,Arlina.Muriel@yopmail.com,Arlina.Muriel@gmail.com,worker
973,Rosaline,McNully,Rosaline.McNully@yopmail.com,Rosaline.McNully@gmail.com,doctor
974,Adriana,Maxi,Adriana.Maxi@yopmail.com,Adriana.Maxi@gmail.com,doctor
975,Paule,Lanita,Paule.Lanita@yopmail.com,Paule.Lanita@gmail.com,doctor
976,Luci,Romelda,Luci.Romelda@yopmail.com,Luci.Romelda@gmail.com,worker
977,Elsie,Sprage,Elsie.Sprage@yopmail.com,Elsie.Sprage@gmail.com,doctor
978,Consuela,Brackely,Consuela.Brackely@yopmail.com,Consuela.Brackely@gmail.com,firefighter
979,Peri,Duwalt,Peri.Duwalt@yopmail.com,Peri.Duwalt@gmail.com,police officer
980,Emmey,Olin,Emmey.Olin@yopmail.com,Emmey.Olin@gmail.com,doctor
981,Melina,Donell,Melina.Donell@yopmail.com,Melina.Donell@gmail.com,worker
982,Pearline,Colbert,Pearline.Colbert@yopmail.com,Pearline.Colbert@gmail.com,developer
983,Steffane,Ciapas,Steffane.Ciapas@yopmail.com,Steffane.Ciapas@gmail.com,firefighter
984,Vinita,Khorma,Vinita.Khorma@yopmail.com,Vinita.Khorma@gmail.com,developer
985,Yetty,Blisse,Yetty.Blisse@yopmail.com,Yetty.Blisse@gmail.com,police officer
986,Tierney,Even,Tierney.Even@yopmail.com,Tierney.Even@gmail.com,worker
987,Charlena,Read,Charlena.Read@yopmail.com,Charlena.Read@gmail.com,developer
988,Jenilee,Kannry,Jenilee.Kannry@yopmail.com,Jenilee.Kannry@gmail.com,doctor
989,Elka,Marlie,Elka.Marlie@yopmail.com,Elka.Marlie@gmail.com,firefighter
990,Sidoney,Brunell,Sidoney.Brunell@yopmail.com,Sidoney.Brunell@gmail.com,worker
991,Cacilie,Morehouse,Cacilie.Morehouse@yopmail.com,Cacilie.Morehouse@gmail.com,doctor
992,Gisela,Idelia,Gisela.Idelia@yopmail.com,Gisela.Idelia@gmail.com,doctor
993,Annaliese,Hortensia,Annaliese.Hortensia@yopmail.com,Annaliese.Hortensia@gmail.com,developer
994,Shannah,Nedrud,Shannah.Nedrud@yopmail.com,Shannah.Nedrud@gmail.com,developer
995,Jorry,Burkle,Jorry.Burkle@yopmail.com,Jorry.Burkle@gmail.com,worker
996,Jenda,Markman,Jenda.Markman@yopmail.com,Jenda.Markman@gmail.com,worker
997,Susette,Denis,Susette.Denis@yopmail.com,Susette.Denis@gmail.com,police officer
998,Jorry,Emmaline,Jorry.Emmaline@yopmail.com,Jorry.Emmaline@gmail.com,developer
999,Lizzie,Melleta,Lizzie.Melleta@yopmail.com,Lizzie.Melleta@gmail.com,doctor
1000,Cacilie,Waldron,Cacilie.Waldron@yopmail.com,Cacilie.Waldron@gmail.com,police officer
1001,Vinita,Tyson,Vinita.Tyson@yopmail.com,Vinita.Tyson@gmail.com,doctor
1002,Sharlene,Konyn,Sharlene.Konyn@yopmail.com,Sharlene.Konyn@gmail.com,police officer
1003,Addia,Zrike,Addia.Zrike@yopmail.com,Addia.Zrike@gmail.com,doctor
1004,Belva,Persse,Belva.Persse@yopmail.com,Belva.Persse@gmail.com,developer
1005,Delilah,Lowry,Delilah.Lowry@yopmail.com,Delilah.Lowry@gmail.com,worker
1006,Vonny,Sperling,Vonny.Sperling@yopmail.com,Vonny.Sperling@gmail.com,doctor
1007,Mireielle,O'Neill,Mireielle.O'Neill@yopmail.com,Mireielle.O'Neill@gmail.com,doctor
1008,Peri,Mandler,Peri.Mandler@yopmail.com,Peri.Mandler@gmail.com,doctor
1009,Daryl,Ferino,Daryl.Ferino@yopmail.com,Daryl.Ferino@gmail.com,worker
1010,Kimmy,Karna,Kimmy.Karna@yopmail.com,Kimmy.Karna@gmail.com,worker
1011,Claudina,Ries,Claudina.Ries@yopmail.com,Claudina.Ries@gmail.com,worker
1012,Cathyleen,Meter,Cathyleen.Meter@yopmail.com,Cathyleen.Meter@gmail.com,doctor
1013,Adriana,Katrine,Adriana.Katrine@yopmail.com,Adriana.Katrine@gmail.com,worker
1014,Fredericka,Warthman,Fredericka.Warthman@yopmail.com,Fredericka.Warthman@gmail.com,police officer
1015,Aimil,Abbot,Aimil.Abbot@yopmail.com,Aimil.Abbot@gmail.com,police officer
1016,Abbie,Michella,Abbie.Michella@yopmail.com,Abbie.Michella@gmail.com,worker
1017,Talya,Loleta,Talya.Loleta@yopmail.com,Talya.Loleta@gmail.com,police officer
1018,Raina,Maroney,Raina.Maroney@yopmail.com,Raina.Maroney@gmail.com,police officer
1019,Shannah,Gusella,Shannah.Gusella@yopmail.com,Shannah.Gusella@gmail.com,police officer
1020,Nikki,Maples,Nikki.Maples@yopmail.com,Nikki.Maples@gmail.com,worker
1021,Linet,Desai,Linet.Desai@yopmail.com,Linet.Desai@gmail.com,firefighter
1022,Ariela,Elvyn,Ariela.Elvyn@yopmail.com,Ariela.Elvyn@gmail.com,police officer
1023,Mellicent,Weinreb,Mellicent.Weinreb@yopmail.com,Mellicent.Weinreb@gmail.com,developer
1024,Vevay,Vanni,Vevay.Vanni@yopmail.com,Vevay.Vanni@gmail.com,developer
1025,Shaine,Stilwell,Shaine.Stilwell@yopmail.com,Shaine.Stilwell@gmail.com,developer
1026,Kamilah,Cohdwell,Kamilah.Cohdwell@yopmail.com,Kamilah.Cohdwell@gmail.com,worker
1027,Yolane,Ehrman,Yolane.Ehrman@yopmail.com,Yolane.Ehrman@gmail.com,police officer
1028,Laurene,Schwejda,Laurene.Schwejda@yopmail.com,Laurene.Schwejda@gmail.com,doctor
1029,Monika,Kat,Monika.Kat@yopmail.com,Monika.Kat@gmail.com,developer
1030,Cherrita,Monk,Cherrita.Monk@yopmail.com,Cherrita.Monk@gmail.com,police officer
1031,Justinn,Atcliffe,Justinn.Atcliffe@yopmail.com,Justinn.Atcliffe@gmail.com,developer
1032,Stacey,Ophelia,Stacey.Ophelia@yopmail.com,Stacey.Ophelia@gmail.com,firefighter
1033,Leona,Lattie,Leona.Lattie@yopmail.com,Leona.Lattie@gmail.com,worker
1034,Diena,Goode,Diena.Goode@yopmail.com,Diena.Goode@gmail.com,doctor
1035,Mariele,Infield,Mariele.Infield@yopmail.com,Mariele.Infield@gmail.com,firefighter
1036,Collen,Raffo,Collen.Raffo@yopmail.com,Collen.Raffo@gmail.com,doctor
1037,Mary,Rossner,Mary.Rossner@yopmail.com,Mary.Rossner@gmail.com,developer
1038,Dede,Jacqui,Dede.Jacqui@yopmail.com,Dede.Jacqui@gmail.com,police officer
1039,Lanae,Love,Lanae.Love@yopmail.com,Lanae.Love@gmail.com,doctor
1040,Edee,Seessel,Edee.Seessel@yopmail.com,Edee.Seessel@gmail.com,firefighter
1041,Bertine,Cressida,Bertine.Cressida@yopmail.com,Bertine.Cressida@gmail.com,developer
1042,Kirbee,Greyson,Kirbee.Greyson@yopmail.com,Kirbee.Greyson@gmail.com,worker
1043,Phylis,Marcellus,Phylis.Marcellus@yopmail.com,Phylis.Marcellus@gmail.com,firefighter
1044,Clary,Peti,Clary.Peti@yopmail.com,Clary.Peti@gmail.com,doctor
1045,Bobinette,Grimbly,Bobinette.Grimbly@yopmail.com,Bobinette.Grimbly@gmail.com,doctor
1046,Winny,Raychel,Winny.Raychel@yopmail.com,Winny.Raychel@gmail.com,police officer
1047,Rani,Seessel,Rani.Seessel@yopmail.com,Rani.Seessel@gmail.com,doctor
1048,Wilma,Ietta,Wilma.Ietta@yopmail.com,Wilma.Ietta@gmail.com,firefighter
1049,Arlena,Gamaliel,Arlena.Gamaliel@yopmail.com,Arlena.Gamaliel@gmail.com,worker
1050,Raina,Barrus,Raina.Barrus@yopmail.com,Raina.Barrus@gmail.com,firefighter
1051,Gale,Sharl,Gale.Sharl@yopmail.com,Gale.Sharl@gmail.com,firefighter
1052,Arabel,Louanna,Arabel.Louanna@yopmail.com,Arabel.Louanna@gmail.com,worker
1053,Janis,Poll,Janis.Poll@yopmail.com,Janis.Poll@gmail.com,worker
1054,Lory,Waldron,Lory.Waldron@yopmail.com,Lory.Waldron@gmail.com,worker
1055,Codie,Anis,Codie.Anis@yopmail.com,Codie.Anis@gmail.com,firefighter
1056,Ulrike,McGrody,Ulrike.McGrody@yopmail.com,Ulrike.McGrody@gmail.com,developer
1057,Nickie,Astra,Nickie.Astra@yopmail.com,Nickie.Astra@gmail.com,police officer
1058,Jessy,Bari,Jessy.Bari@yopmail.com,Jessy.Bari@gmail.com,developer
1059,Marita,Thornburg,Marita.Thornburg@yopmail.com,Marita.Thornburg@gmail.com,firefighter
1060,Ileana,Arley,Ileana.Arley@yopmail.com,Ileana.Arley@gmail.com,worker
1061,Cathyleen,Colyer,Cathyleen.Colyer@yopmail.com,Cathyleen.Colyer@gmail.com,police officer
1062,Maud,O'Neill,Maud.O'Neill@yopmail.com,Maud.O'Neill@gmail.com,firefighter
1063,Mariann,Damarra,Mariann.Damarra@yopmail.com,Mariann.Damarra@gmail.com,worker
1064,Judy,Peti,Judy.Peti@yopmail.com,Judy.Peti@gmail.com,police officer
1065,Dulcinea,Roxanna,Dulcinea.Roxanna@yopmail.com,Dulcinea.Roxanna@gmail.com,doctor
1066,Violet,Randene,Violet.Randene@yopmail.com,Violet.Randene@gmail.com,developer
1067,Madeleine,Belanger,Madeleine.Belanger@yopmail.com,Madeleine.Belanger@gmail.com,doctor
1068,Ilse,Uird,Ilse.Uird@yopmail.com,Ilse.Uird@gmail.com,developer
1069,Janeczka,Rolf,Janeczka.Rolf@yopmail.com,Janeczka.Rolf@gmail.com,doctor
1070,Elbertina,Reinke,Elbertina.Reinke@yopmail.com,Elbertina.Reinke@gmail.com,firefighter
1071,Chloris,Stilwell,Chloris.Stilwell@yopmail.com,Chloris.Stilwell@gmail.com,firefighter
1072,Fidelia,Phaidra,Fidelia.Phaidra@yopmail.com,Fidelia.Phaidra@gmail.com,developer
1073,Pearline,Fennessy,Pearline.Fennessy@yopmail.com,Pearline.Fennessy@gmail.com,firefighter
1074,Merry,Kauppi,Merry.Kauppi@yopmail.com,Merry.Kauppi@gmail.com,developer
1075,Robbi,Flyn,Robbi.Flyn@yopmail.com,Robbi.Flyn@gmail.com,developer
1076,Shandie,Arathorn,Shandie.Arathorn@yopmail.com,Shandie.Arathorn@gmail.com,worker
1077,Taffy,Muriel,Taffy.Muriel@yopmail.com,Taffy.Muriel@gmail.com,doctor
1078,Perry,Wilona,Perry.Wilona@yopmail.com,Perry.Wilona@gmail.com,firefighter
1079,Stacey,Paton,Stacey.Paton@yopmail.com,Stacey.Paton@gmail.com,developer
1080,Therine,Ummersen,Therine.Ummersen@yopmail.com,Therine.Ummersen@gmail.com,doctor
1081,Thalia,Fitzsimmons,Thalia.Fitzsimmons@yopmail.com,Thalia.Fitzsimmons@gmail.com,doctor
1082,Gavrielle,Codding,Gavrielle.Codding@yopmail.com,Gavrielle.Codding@gmail.com,worker
1083,Mureil,Joli,Mureil.Joli@yopmail.com,Mureil.Joli@gmail.com,developer
1084,Juliane,Hubert,Juliane.Hubert@yopmail.com,Juliane.Hubert@gmail.com,doctor
1085,Karina,Cassius,Karina.Cassius@yopmail.com,Karina.Cassius@gmail.com,worker
1086,Sidoney,Kirstin,Sidoney.Kirstin@yopmail.com,Sidoney.Kirstin@gmail.com,worker
1087,Corry,Pacorro,Corry.Pacorro@yopmail.com,Corry.Pacorro@gmail.com,doctor
1088,Odessa,Timon,Odessa.Timon@yopmail.com,Odessa.Timon@gmail.com,developer
1089,Anthia,Norrie,Anthia.Norrie@yopmail.com,Anthia.Norrie@gmail.com,developer
1090,Luci,Rossner,Luci.Rossner@yopmail.com,Luci.Rossner@gmail.com,police officer
1091,Fanchon,Cohdwell,Fanchon.Cohdwell@yopmail.com,Fanchon.Cohdwell@gmail.com,worker
1092,Magdalena,Lesley,Magdalena.Lesley@yopmail.com,Magdalena.Lesley@gmail.com,firefighter
1093,Alejandra,Pattin,Alejandra.Pattin@yopmail.com,Alejandra.Pattin@gmail.com,doctor
1094,Sashenka,Reneta,Sashenka.Reneta@yopmail.com,Sashenka.Reneta@gmail.com,firefighter
1095,Emelina,Paine,Emelina.Paine@yopmail.com,Emelina.Paine@gmail.com,developer
1096,Emelina,Stoller,Emelina.Stoller@yopmail.com,Emelina.Stoller@gmail.com,police officer
1097,Morganica,Haymes,Morganica.Haymes@yopmail.com,Morganica.Haymes@gmail.com,worker
1098,Elfreda,Hazlett,Elfreda.Hazlett@yopmail.com,Elfreda.Hazlett@gmail.com,worker
1099,Amelia,Rheingold,Amelia.Rheingold@yopmail.com,Amelia.Rheingold@gmail.com,police officer